seed,throughput_learned,cpu_learned,learned_deadlocked,avg_wait_learned,avg_spawn_learned,throughput_pl,cpu_pl,pl_deadlocked,avg_wait_pl,avg_spawn_pl
1,4.7500,0.041,0,0.185590,0.136135,4.7500,0.042,0,0.114337,0.123778
2,4.7560,0.041,0,0.181038,0.118858,4.7560,0.041,0,0.110559,0.121529
3,4.3333,0.043,0,0.114721,0.054343,4.3214,0.042,0,0.084107,0.060507
4,4.3214,0.042,0,0.139652,0.065042,4.3214,0.041,0,0.095579,0.067920
5,4.3988,0.040,0,0.165838,0.101691,4.3988,0.038,0,0.105762,0.111274
6,4.4583,0.041,0,0.114830,0.051227,4.4702,0.039,0,0.080463,0.057729
7,4.5000,0.042,0,0.133633,0.081434,4.5000,0.043,0,0.093184,0.073587
8,4.4107,0.042,0,0.128189,0.073992,4.4107,0.041,0,0.093373,0.067000
9,4.6012,0.042,0,0.157795,0.123204,4.6071,0.042,0,0.101645,0.115874
10,4.6429,0.047,0,0.144090,0.084995,4.6429,0.043,0,0.103128,0.110581
11,4.5357,0.044,0,0.136273,0.060328,4.5357,0.042,0,0.102212,0.065494
12,4.6012,0.041,0,0.134264,0.077184,4.5893,0.040,0,0.096225,0.078038
13,4.4762,0.043,0,0.126541,0.068513,4.4821,0.039,0,0.088808,0.069748
14,4.2679,0.039,0,0.128854,0.066338,4.2679,0.038,0,0.086046,0.070691
15,4.5119,0.041,0,0.151668,0.100480,4.5060,0.041,0,0.098807,0.104632
16,4.6190,0.040,0,0.146853,0.091481,4.6190,0.040,0,0.103397,0.089608
17,4.5417,0.041,0,0.150035,0.073752,4.5417,0.042,0,0.094619,0.087963
18,4.6250,0.042,0,0.187199,0.156897,4.6369,0.042,0,0.114252,0.136883
19,4.3929,0.039,0,0.122789,0.059481,4.3929,0.038,0,0.090534,0.058680
20,4.0952,0.036,0,0.119926,0.054158,4.1012,0.040,0,0.080897,0.060426
21,4.3929,0.040,0,0.141525,0.077092,4.3869,0.039,0,0.089244,0.075071
22,4.3869,0.040,0,0.129438,0.085662,4.3869,0.038,0,0.087213,0.086043
23,4.3452,0.039,0,0.161102,0.116199,4.3631,0.039,0,0.102335,0.130649
24,4.6012,0.042,0,0.147057,0.091302,4.6190,0.043,0,0.103572,0.096744
25,4.7083,0.044,0,0.135290,0.056488,4.7083,0.043,0,0.097918,0.065945
26,4.5417,0.049,0,0.142009,0.064445,4.5476,0.054,0,0.101717,0.063414
27,4.2857,0.038,0,0.124885,0.076488,4.2857,0.038,0,0.092172,0.090614
28,4.4762,0.040,0,0.114469,0.047372,4.4762,0.039,0,0.088320,0.063620
29,4.2083,0.039,0,0.131882,0.069296,4.2143,0.036,0,0.090728,0.089708
30,4.5893,0.041,0,0.155095,0.075777,4.5893,0.043,0,0.106508,0.078525
31,4.6488,0.041,0,0.146806,0.075006,4.6429,0.043,0,0.099745,0.076840
32,4.8869,0.043,0,0.165480,0.094337,4.8810,0.045,0,0.108362,0.094175
33,4.3214,0.039,0,0.124074,0.058482,4.3274,0.039,0,0.086840,0.065374
34,4.3393,0.037,0,0.132118,0.065592,4.3393,0.041,0,0.090620,0.076919
35,4.4821,0.042,0,0.131710,0.059482,4.4940,0.040,0,0.090745,0.067520
36,4.5714,0.043,0,0.139215,0.070925,4.5893,0.045,0,0.094849,0.069888
37,4.5179,0.041,0,0.148882,0.089387,4.5179,0.042,0,0.103058,0.084810
38,4.2083,0.039,0,0.115656,0.066086,4.2202,0.041,0,0.086928,0.072231
39,4.5179,0.042,0,0.140202,0.062557,4.5357,0.040,0,0.090459,0.069861
40,4.5952,0.042,0,0.159662,0.095070,4.5952,0.043,0,0.106178,0.090391
41,4.4643,0.041,0,0.139040,0.086226,4.4583,0.040,0,0.093834,0.072452
42,4.5179,0.040,0,0.139518,0.070409,4.5238,0.041,0,0.097292,0.075777
43,4.3869,0.040,0,0.131729,0.081365,4.3869,0.039,0,0.087995,0.085038
44,4.5536,0.040,0,0.145108,0.125610,4.5536,0.040,0,0.100224,0.114829
45,4.5714,0.041,0,0.156494,0.088716,4.5655,0.042,0,0.108872,0.110507
46,4.5536,0.044,0,0.156949,0.102890,4.5536,0.052,0,0.101891,0.116061
47,4.4226,0.039,0,0.149845,0.065862,4.4167,0.045,0,0.091148,0.067879
48,4.5357,0.045,0,0.139737,0.084253,4.5357,0.040,0,0.091761,0.080218
49,4.6190,0.043,0,0.142620,0.136670,4.6190,0.040,0,0.100781,0.131244
50,4.1964,0.042,0,0.133539,0.061008,4.2083,0.045,0,0.085616,0.059241
51,4.5774,0.041,0,0.149887,0.087149,4.5893,0.041,0,0.098346,0.103320
52,4.4643,0.040,0,0.136533,0.059750,4.4583,0.039,0,0.087825,0.078180
53,4.7917,0.049,0,0.163085,0.107925,4.7917,0.043,0,0.104531,0.093976
54,4.3393,0.038,0,0.126903,0.060776,4.3274,0.040,0,0.092065,0.064396
55,4.4107,0.039,0,0.124244,0.061127,4.4107,0.038,0,0.089448,0.064228
56,4.5655,0.096,0,0.147942,0.073082,4.5595,0.039,0,0.096481,0.078465
57,4.4107,0.040,0,0.116760,0.051748,4.4107,0.038,0,0.086329,0.064748
58,4.5060,0.039,0,0.157131,0.125554,4.5060,0.042,0,0.103011,0.114939
59,4.4821,0.043,0,0.130812,0.062630,4.4821,0.037,0,0.092993,0.066789
60,4.6429,0.043,0,0.164782,0.093372,4.6429,0.045,0,0.108987,0.112921
61,4.5119,0.039,0,0.154653,0.093958,4.5119,0.042,0,0.102138,0.104495
62,4.3155,0.039,0,0.134677,0.081054,4.3155,0.038,0,0.090515,0.082402
63,4.3631,0.039,0,0.104925,0.038991,4.3571,0.035,0,0.077957,0.041047
64,4.4286,0.038,0,0.160804,0.086896,4.4286,0.042,0,0.098657,0.097002
65,4.5774,0.038,0,0.155508,0.143251,4.5774,0.042,0,0.103344,0.111727
66,4.4524,0.044,0,0.135834,0.081731,4.4524,0.041,0,0.091067,0.081353
67,4.6071,0.043,0,0.140386,0.066089,4.6071,0.040,0,0.099355,0.064224
68,4.2976,0.039,0,0.125248,0.064515,4.2857,0.040,0,0.089358,0.058185
69,4.5893,0.042,0,0.149468,0.081976,4.5833,0.043,0,0.097584,0.089441
70,4.3988,0.041,0,0.125751,0.054962,4.3988,0.040,0,0.089376,0.060720
71,4.3929,0.041,0,0.130514,0.069147,4.3929,0.044,0,0.090243,0.081881
72,4.3214,0.038,0,0.121608,0.059596,4.3155,0.039,0,0.089437,0.065573
73,4.3929,0.042,0,0.134153,0.062519,4.3929,0.042,0,0.090606,0.063188
74,4.3869,0.040,0,0.145052,0.075763,4.3750,0.038,0,0.094498,0.078015
75,4.4167,0.038,0,0.123225,0.063682,4.4107,0.040,0,0.090673,0.067164
76,4.5000,0.040,0,0.134850,0.152399,4.5000,0.041,0,0.097954,0.096052
77,4.3452,0.040,0,0.121073,0.058521,4.3512,0.038,0,0.093586,0.065667
78,4.6488,0.041,0,0.160140,0.109607,4.6548,0.042,0,0.104799,0.113568
79,4.2381,0.037,0,0.120011,0.061997,4.2381,0.041,0,0.086853,0.064228
80,4.5060,0.046,0,0.139291,0.087158,4.5060,0.039,0,0.089501,0.081156
81,4.4226,0.041,0,0.136265,0.064354,4.4345,0.037,0,0.093170,0.078428
82,4.4405,0.042,0,0.157224,0.095848,4.4405,0.040,0,0.101921,0.096163
83,4.8155,0.042,0,0.147487,0.108119,4.8155,0.044,0,0.105226,0.097533
84,4.6607,0.042,0,0.170732,0.096340,4.6667,0.042,0,0.113939,0.096841
85,4.5238,0.042,0,0.148798,0.107165,4.5298,0.039,0,0.101441,0.096111
86,4.3810,0.038,0,0.138507,0.083483,4.3869,0.039,0,0.095393,0.088281
87,4.2917,0.038,0,0.103916,0.056611,4.2857,0.040,0,0.079377,0.066019
88,4.8690,0.043,0,0.174945,0.098632,4.8571,0.043,0,0.113280,0.105691
89,4.4286,0.040,0,0.141891,0.067737,4.4286,0.041,0,0.093912,0.074897
90,4.3571,0.039,0,0.119028,0.057931,4.3452,0.040,0,0.089179,0.056430
91,4.5952,0.042,0,0.150693,0.087209,4.6071,0.040,0,0.102388,0.079815
92,4.5595,0.041,0,0.151538,0.078849,4.5536,0.039,0,0.099726,0.078980
93,4.7262,0.044,0,0.156783,0.107247,4.7202,0.041,0,0.101454,0.111399
94,4.5655,0.042,0,0.133042,0.084873,4.5714,0.040,0,0.098155,0.082010
95,4.4345,0.037,0,0.126212,0.062172,4.4345,0.037,0,0.087765,0.071107
96,4.3512,0.038,0,0.125188,0.063402,4.3393,0.038,0,0.091891,0.066706
97,4.4167,0.041,0,0.124792,0.061883,4.4107,0.043,0,0.089504,0.065102
98,4.2024,0.037,0,0.126396,0.087184,4.1964,0.037,0,0.086296,0.093981
99,4.5476,0.041,0,0.160834,0.090354,4.5595,0.041,0,0.103919,0.100855
100,4.4286,0.039,0,0.130275,0.060308,4.4345,0.039,0,0.090148,0.063893
