time,corridor_id,train,chainage,arc
0.308959,1,0,36.636246,(160-120)
0.314459,1,0,36.196246,(160-120)
0.336262,1,0,34.452016,(160-120)
0.336262,1,0,34.452016,(160-120)
0.392442,1,0,29.957571,(159-119)
0.397942,1,0,29.517571,(159-119)
0.402714,1,0,29.135816,(157-29)
0.408214,1,0,28.695816,(157-29)
0.464812,1,0,24.168026,(157-29)
0.464812,1,0,24.168026,(157-29)
0.506067,1,0,20.867603,(35-28)
0.511567,1,0,20.427603,(35-28)
0.514687,1,0,20.178026,(35-28)
0.542464,1,0,18.233581,(34-27)
0.542730,1,0,18.217624,(33-23)
0.549798,1,0,18.378457,(33-23)
0.550064,1,0,18.384509,(33-23)
0.550426,0,0,0.000000,(28-22)
0.550426,1,0,18.392755,(28-22)
0.557759,0,0,0.440000,(28-22)
0.579085,0,0,1.719565,(28-22)
0.589460,1,1,36.636246,(160-120)
0.594960,1,1,36.196246,(160-120)
0.603344,0,0,2.963231,(28-22)
0.606863,0,0,3.108454,(27-21)
0.616763,1,1,34.452016,(160-120)
0.616763,1,1,34.452016,(160-120)
0.617863,0,0,3.548454,(27-21)
0.632372,0,0,4.128800,(26-20)
0.643372,0,0,4.568800,(26-20)
0.655180,0,0,5.041119,(24-19)
0.666180,0,0,5.481119,(24-19)
0.672944,1,1,29.957571,(159-119)
0.678444,1,1,29.517571,(159-119)
0.683215,1,1,29.135816,(157-29)
0.688715,1,1,28.695816,(157-29)
0.745313,1,1,24.168026,(157-29)
0.745313,1,1,24.168026,(157-29)
0.786568,1,1,20.867603,(35-28)
0.792068,1,1,20.427603,(35-28)
0.795188,1,1,20.178026,(35-28)
0.822966,1,1,18.233581,(34-27)
0.823232,1,1,18.217624,(33-23)
0.830299,1,1,18.378457,(33-23)
0.830565,1,1,18.384509,(33-23)
0.830927,0,1,0.000000,(28-22)
0.830927,1,1,18.392755,(28-22)
0.838261,0,1,0.440000,(28-22)
0.842238,1,2,36.636246,(160-120)
0.842458,0,0,12.532242,(24-19)
0.842458,0,0,12.532242,(24-19)
0.847738,1,2,36.196246,(160-120)
0.859587,0,1,1.719565,(28-22)
0.869541,1,2,34.452016,(160-120)
0.869541,1,2,34.452016,(160-120)
0.871486,0,0,13.693353,(23-17)
0.882486,0,0,14.133353,(23-17)
0.883845,0,1,2.963231,(28-22)
0.887364,0,1,3.108454,(27-21)
0.892040,0,1,3.295467,(27-21)
0.892827,0,0,14.546996,(20-16)
0.898772,0,1,3.548454,(27-21)
0.903827,0,0,14.986996,(20-16)
0.904135,1,3,0.000000,(176-135)
0.909635,1,3,0.440000,(176-135)
0.919818,0,1,4.128800,(25-20)
0.925721,1,2,29.957571,(159-119)
0.931221,1,2,29.517571,(159-119)
0.935993,1,2,29.135816,(157-29)
0.941493,1,2,28.695816,(157-29)
0.941818,0,1,4.563426,(25-20)
0.949609,0,1,4.717345,(25-20)
0.949609,0,1,4.717345,(25-20)
0.965998,0,1,5.041119,(24-19)
0.984812,0,1,5.481119,(24-19)
0.998091,1,2,24.168026,(157-29)
0.998091,1,2,24.168026,(157-29)
1.001021,1,3,7.750847,(176-135)
1.005118,1,3,8.078624,(176-135)
1.009868,0,0,19.228647,(20-16)
1.021553,0,1,6.707786,(24-19)
1.038896,0,0,20.389758,(19-15)
1.039346,1,2,20.867603,(35-28)
1.039691,1,3,10.414174,(175-133)
1.044846,1,2,20.427603,(35-28)
1.046382,1,2,20.304692,(35-28)
1.047608,1,3,10.827883,(173-132)
1.047966,1,2,20.178026,(35-28)
1.048142,1,3,10.854174,(173-132)
1.049896,0,0,20.818076,(19-15)
1.057181,1,3,11.267883,(173-132)
1.060917,0,0,21.247212,(17-14)
1.071917,0,0,21.687212,(17-14)
1.075743,1,2,18.233581,(34-27)
1.076009,1,2,18.217624,(32-26)
1.077078,1,2,18.153497,(31-25)
1.081396,1,2,17.894407,(189-147)
1.081396,1,2,17.894407,(189-147)
1.081732,1,2,17.874269,(188-146)
1.081732,1,2,17.874269,(188-146)
1.083077,1,2,17.793581,(188-146)
1.083077,1,2,17.793581,(188-146)
1.083343,1,2,17.777624,(188-146)
1.083343,1,2,17.777624,(188-146)
1.084411,1,2,17.713497,(188-146)
1.084411,1,2,17.713497,(188-146)
1.088451,1,3,12.245291,(172-131)
1.088730,1,2,17.454407,(188-146)
1.088730,1,2,17.454407,(188-146)
1.088882,1,2,17.445248,(187-130)
1.088882,1,2,17.445248,(187-130)
1.088882,1,2,17.445248,(187-130)
1.089065,1,2,17.434269,(187-130)
1.089065,1,2,17.434269,(187-130)
1.089065,1,2,17.434269,(187-130)
1.089682,1,2,17.397280,(170-131)
1.089682,1,2,17.397280,(170-131)
1.089682,1,2,17.397280,(170-131)
1.096216,1,2,17.005248,(170-131)
1.096216,1,2,17.005248,(170-131)
1.096216,1,2,17.005248,(170-131)
1.097015,1,2,16.957280,(170-131)
1.097015,1,2,16.957280,(170-131)
1.097015,1,2,16.957280,(170-131)
1.105680,1,3,12.589014,(172-131)
1.110951,1,3,12.684208,(172-131)
1.121870,1,2,15.465985,(170-131)
1.121870,1,2,15.465985,(170-131)
1.121870,1,2,15.465985,(170-131)
1.133048,1,2,14.795291,(170-131)
1.133048,1,2,14.795291,(170-131)
1.133048,1,2,14.795291,(170-131)
1.133458,1,3,12.866108,(172-131)
1.164370,1,2,12.915985,(171-132)
1.164370,1,2,12.915985,(171-132)
1.164370,1,2,12.915985,(171-132)
1.167165,0,1,12.532242,(24-19)
1.167165,0,1,12.532242,(24-19)
1.171703,1,2,12.475985,(171-132)
1.171703,1,2,12.475985,(171-132)
1.171703,1,2,12.475985,(171-132)
1.175548,1,2,12.245291,(173-133)
1.175548,1,2,12.245291,(173-133)
1.175548,1,2,12.245291,(173-133)
1.182727,1,2,11.805291,(173-133)
1.182727,1,2,11.805291,(173-133)
1.182727,1,2,11.805291,(173-133)
1.188370,1,3,12.866108,(172-131)
1.196192,0,1,13.693353,(23-17)
1.197700,1,2,10.827883,(175-135)
1.197700,1,2,10.827883,(175-135)
1.197700,1,2,10.827883,(175-135)
1.203691,1,2,10.414174,(176-136)
1.203691,1,2,10.414174,(176-136)
1.203691,1,2,10.414174,(176-136)
1.204065,1,2,10.387883,(176-136)
1.204065,1,2,10.387883,(176-136)
1.204065,1,2,10.387883,(176-136)
1.205037,1,3,12.915985,(170-130)
1.207192,0,1,14.133353,(23-17)
1.208675,0,0,27.157538,(17-14)
1.208675,0,0,27.157538,(17-14)
1.209867,1,2,9.974174,(176-136)
1.209867,1,2,9.974174,(176-136)
1.209867,1,2,9.974174,(176-136)
1.217533,0,1,14.546996,(20-16)
1.222542,1,4,36.636246,(160-120)
1.228042,1,4,36.196246,(160-120)
1.228533,0,1,14.986996,(20-16)
1.231104,1,2,8.356402,(176-136)
1.231104,1,2,8.356402,(176-136)
1.231104,1,2,8.356402,(176-136)
1.237703,0,0,28.318649,(216-171)
1.240545,1,3,13.355985,(170-130)
1.248602,0,0,28.754624,(218-13)
1.248703,0,0,28.758651,(218-13)
1.249845,1,4,34.452016,(160-120)
1.249845,1,4,34.452016,(160-120)
1.258416,0,0,29.147344,(15-2)
1.259602,0,0,29.194801,(15-2)
1.269416,0,0,29.587344,(15-2)
1.306025,1,4,29.957571,(159-119)
1.311525,1,4,29.517571,(159-119)
1.316297,1,4,29.135816,(157-29)
1.321797,1,4,28.695816,(157-29)
1.323884,1,3,16.171507,(170-130)
1.327647,1,3,16.357659,(170-130)
1.334575,0,1,19.228647,(20-16)
1.335559,1,2,0.000000,(220-173)
1.335559,1,2,0.000000,(220-173)
1.335559,1,2,0.000000,(220-173)
1.352995,1,3,17.397280,(187-146)
1.354526,1,3,17.445248,(188-147)
1.363602,0,1,20.389758,(19-15)
1.370093,1,3,17.837280,(188-147)
1.372052,1,3,17.874269,(189-25)
1.372664,1,3,17.885248,(189-25)
1.373186,1,3,17.894407,(31-26)
1.374602,0,1,20.818076,(19-15)
1.378395,1,4,24.168026,(157-29)
1.385623,0,1,21.247212,(17-14)
1.396623,0,1,21.687212,(17-14)
1.397286,1,3,18.103497,(31-26)
1.419650,1,4,20.867603,(35-28)
1.425150,1,4,20.427603,(35-28)
1.428270,1,4,20.178026,(35-28)
1.446889,0,0,36.686289,(15-2)
1.446889,0,0,36.686289,(15-2)
1.456048,1,4,18.233581,(34-27)
1.456314,1,4,18.217624,(33-23)
1.463381,1,4,18.378457,(33-23)
1.463647,1,4,18.384509,(33-23)
1.464009,0,4,0.000000,(28-22)
1.464009,1,4,18.392755,(28-22)
1.471343,0,4,0.440000,(28-22)
1.475320,1,5,36.636246,(160-120)
1.475917,0,0,37.847400,(2-3)
1.480314,1,3,18.103497,(31-26)
1.480820,1,5,36.196246,(160-120)
1.486917,0,0,38.285635,(2-3)
1.492669,0,4,1.719565,(28-22)
1.496980,1,3,18.153497,(32-27)
1.498100,0,0,38.731155,(4-4)
1.502623,1,5,34.452016,(160-120)
1.502623,1,5,34.452016,(160-120)
1.505494,1,3,18.217624,(34-28)
1.505494,1,3,18.217624,(34-28)
1.506720,1,5,34.124238,(160-120)
1.507196,1,3,18.233581,(35-29)
1.507196,1,3,18.233581,(35-29)
1.509100,0,0,39.171155,(4-4)
1.514533,1,3,18.314269,(35-29)
1.514533,1,3,18.314269,(35-29)
1.516130,1,3,18.334407,(35-29)
1.516130,1,3,18.334407,(35-29)
1.516927,0,4,2.963231,(28-22)
1.520446,0,4,3.108454,(27-21)
1.531446,0,4,3.548454,(27-21)
1.532488,1,3,18.593497,(35-29)
1.532488,1,3,18.593497,(35-29)
1.533382,0,1,27.157538,(17-14)
1.535798,1,3,18.657624,(35-29)
1.535798,1,3,18.657624,(35-29)
1.536591,1,3,18.673581,(35-29)
1.536591,1,3,18.673581,(35-29)
1.540844,0,6,62.958626,(13-7)
1.545955,0,4,4.128800,(26-20)
1.556955,0,4,4.568800,(26-20)
1.562409,0,1,28.318649,(216-171)
1.568763,0,4,5.041119,(24-19)
1.573309,0,1,28.754624,(218-13)
1.573409,0,1,28.758651,(218-13)
1.579763,0,4,5.481119,(24-19)
1.580574,1,3,19.912901,(35-29)
1.580574,1,3,19.912901,(35-29)
1.580574,1,3,19.912901,(35-29)
1.580574,1,3,19.912901,(35-29)
1.583122,0,1,29.147344,(15-2)
1.584309,0,1,29.194801,(15-2)
1.590053,1,5,29.957571,(158-119)
1.594122,0,1,29.587344,(15-2)
1.604233,1,3,20.867603,(157-119)
1.604233,1,3,20.867603,(157-119)
1.612053,1,5,29.518271,(158-119)
1.613732,1,3,21.307603,(157-119)
1.613732,1,3,21.307603,(157-119)
1.614818,1,5,29.463073,(158-119)
1.631111,0,0,44.051588,(4-4)
1.642595,1,5,29.185737,(158-119)
1.660139,0,0,45.212700,(11-10)
1.670642,0,0,45.652700,(11-10)
1.681321,0,0,46.140770,(10-8)
1.681995,1,3,25.425043,(157-119)
1.681995,1,3,25.425043,(157-119)
1.681995,1,3,25.425043,(157-119)
1.681995,1,3,25.425043,(157-119)
1.685124,0,0,46.324491,(9-9)
1.690258,0,0,46.580770,(9-9)
1.693826,0,0,46.764491,(9-9)
1.702536,1,3,26.992386,(157-119)
1.702536,1,3,26.992386,(157-119)
1.729329,1,3,29.135816,(159-120)
1.729329,1,3,29.135816,(159-120)
1.734829,1,3,29.575816,(159-120)
1.734829,1,3,29.575816,(159-120)
1.739601,1,3,29.957571,(160-121)
1.739601,1,3,29.957571,(160-121)
1.745101,1,3,30.397571,(160-121)
1.745101,1,3,30.397571,(160-121)
1.751495,1,5,29.185737,(158-119)
1.756041,0,4,12.532242,(24-19)
1.763067,0,6,54.069737,(13-7)
1.766903,1,3,32.141802,(160-121)
1.766903,1,3,32.141802,(160-121)
1.768162,1,5,29.135816,(157-29)
1.771250,0,0,51.879366,(9-9)
1.771596,0,1,36.686289,(15-2)
1.785069,0,4,13.693353,(23-17)
1.796069,0,4,14.133353,(23-17)
1.800624,0,1,37.847400,(2-3)
1.803670,1,5,28.695816,(157-29)
1.806410,0,4,14.546996,(20-16)
1.811624,0,1,38.285635,(2-3)
1.817410,0,4,14.986996,(20-16)
1.817599,0,6,49.707144,(13-7)
1.822807,0,1,38.731155,(4-4)
1.823084,1,3,36.636246,(222-174)
1.823084,1,3,36.636246,(222-174)
1.833807,0,1,39.171155,(4-4)
1.858705,0,0,58.875796,(9-9)
1.876084,0,6,46.259713,(7-6)
1.876621,1,7,36.636246,(160-120)
1.877735,0,6,46.198155,(6-5)
1.883801,1,7,36.196246,(160-120)
1.889375,0,6,45.819713,(6-5)
1.891612,0,6,45.758155,(6-5)
1.906042,0,9,62.958626,(13-7)
1.908725,0,6,45.406492,(5-4)
1.917497,1,7,33.883314,(160-120)
1.920401,1,7,33.664795,(160-120)
1.923451,0,4,19.228647,(20-16)
1.928710,0,6,45.262700,(5-4)
1.938699,1,5,22.877660,(157-29)
1.938699,1,5,22.877660,(157-29)
1.952479,0,4,20.389758,(19-15)
1.955817,0,1,44.051588,(4-4)
1.963479,0,4,20.818076,(19-15)
1.966466,1,5,20.867603,(35-28)
1.969816,0,0,63.320241,(9-9)
1.969816,0,1,44.540992,(4-4)
1.972078,1,5,20.427603,(35-28)
1.973718,1,5,20.296928,(35-28)
1.974500,0,4,21.247212,(17-14)
1.975204,1,5,20.178026,(35-28)
1.985500,0,4,21.687212,(17-14)
1.989851,0,1,45.212700,(11-10)
1.997835,1,7,29.957571,(158-119)
2.001088,0,1,45.652700,(11-10)
2.002982,1,5,18.233581,(34-27)
2.003248,1,5,18.217624,(33-23)
2.010315,1,5,18.378457,(33-23)
2.010581,1,5,18.384509,(33-23)
2.010943,0,5,0.000000,(28-22)
2.010943,1,5,18.392755,(28-22)
2.012383,0,1,46.140770,(10-8)
2.016380,0,1,46.324491,(9-9)
2.017755,0,6,45.262700,(5-4)
2.018277,0,5,0.440000,(28-22)
2.019835,1,7,29.518271,(158-119)
2.021758,0,1,46.580770,(9-9)
2.022599,1,7,29.463073,(158-119)
2.025485,0,1,46.764491,(9-9)
2.026982,1,7,29.382471,(158-119)
2.034421,0,6,45.212700,(4-3)
2.035746,1,7,29.221268,(158-119)
2.039603,0,5,1.719565,(28-22)
2.040025,1,7,29.135816,(157-29)
2.058321,0,6,44.966492,(4-3)
2.058839,1,7,28.695816,(157-29)
2.063861,0,5,2.963231,(28-22)
2.067380,0,5,3.108454,(27-21)
2.069930,0,6,44.772700,(4-3)
2.078380,0,5,3.548454,(27-21)
2.086596,0,9,62.958626,(13-7)
2.092889,0,5,4.128800,(26-20)
2.103889,0,5,4.568800,(26-20)
2.108925,0,1,52.186466,(9-9)
2.115697,0,5,5.041119,(24-19)
2.122258,0,4,27.157538,(17-14)
2.122258,0,4,27.157538,(17-14)
2.126697,0,5,5.481119,(24-19)
2.128866,0,6,43.040477,(4-3)
2.131079,1,8,36.636246,(160-120)
2.136579,1,8,36.196246,(160-120)
2.151286,0,4,28.318649,(216-171)
2.158381,1,8,34.452016,(160-120)
2.162185,0,4,28.754624,(218-13)
2.162286,0,4,28.758651,(218-13)
2.162479,1,8,34.124238,(160-120)
2.171999,0,4,29.147344,(15-2)
2.173185,0,4,29.194801,(15-2)
2.176610,1,7,23.046178,(157-29)
2.182999,0,4,29.587344,(15-2)
2.192541,0,1,58.875796,(9-9)
2.205876,1,7,20.867603,(35-28)
2.206692,1,7,20.802483,(35-28)
2.207571,0,6,39.892266,(4-3)
2.211378,1,7,20.427603,(35-28)
2.214498,1,7,20.178026,(35-28)
2.215766,0,6,39.564488,(4-3)
2.242275,1,7,18.233581,(34-27)
2.242541,1,7,18.217624,(33-23)
2.243543,0,6,38.731155,(3-1)
2.245812,1,8,29.957571,(158-119)
2.249609,1,7,18.378457,(33-23)
2.249875,1,7,18.384509,(33-23)
2.250237,0,7,0.000000,(28-22)
2.250237,1,7,18.392755,(28-22)
2.257570,0,7,0.440000,(28-22)
2.265543,0,6,38.291155,(3-1)
2.267812,1,8,29.518271,(158-119)
2.269357,0,6,38.214875,(1-2)
2.270576,1,8,29.463073,(158-119)
2.270576,1,8,29.463073,(158-119)
2.271342,0,6,38.175178,(1-2)
2.278896,0,7,1.719565,(28-22)
2.286965,1,8,29.135816,(157-29)
2.299120,0,6,37.897400,(1-2)
2.302975,0,5,12.532242,(24-19)
2.303155,0,7,2.963231,(28-22)
2.303653,0,1,63.320241,(9-9)
2.305779,1,8,28.695816,(157-29)
2.306674,0,7,3.108454,(27-21)
2.308818,0,9,54.069737,(13-7)
2.311350,0,7,3.295467,(27-21)
2.318082,0,7,3.548454,(27-21)
2.332003,0,5,13.693353,(23-17)
2.339127,0,7,4.128800,(25-20)
2.343003,0,5,14.133353,(23-17)
2.353344,0,5,14.546996,(20-16)
2.360472,0,4,36.686289,(15-2)
2.360472,0,4,36.686289,(15-2)
2.361127,0,7,4.563426,(25-20)
2.363351,0,9,49.707144,(13-7)
2.364344,0,5,14.986996,(20-16)
2.368918,0,7,4.717345,(25-20)
2.368918,0,7,4.717345,(25-20)
2.385307,0,7,5.041119,(24-19)
2.389500,0,4,37.847400,(2-3)
2.400500,0,4,38.285635,(2-3)
2.404122,0,7,5.481119,(24-19)
2.411683,0,4,38.731155,(4-4)
2.417167,0,6,37.897400,(1-2)
2.421836,0,9,46.259713,(7-6)
2.422683,0,4,39.171155,(4-4)
2.423487,0,9,46.198155,(6-5)
2.423550,1,8,23.046178,(157-29)
2.423550,1,8,23.046178,(157-29)
2.433834,0,6,37.847400,(15-13)
2.435127,0,9,45.819713,(6-5)
2.437364,0,9,45.758155,(6-5)
2.440863,0,7,6.707786,(24-19)
2.443257,0,6,37.774876,(15-13)
2.448018,1,10,36.636246,(160-120)
2.452816,1,8,20.867603,(35-28)
2.453518,1,10,36.196246,(160-120)
2.453632,1,8,20.802483,(35-28)
2.454476,0,9,45.406492,(5-4)
2.458318,1,8,20.427603,(35-28)
2.461438,1,8,20.178026,(35-28)
2.469342,0,6,37.407400,(15-13)
2.470385,0,5,19.228647,(20-16)
2.470385,0,5,19.228647,(20-16)
2.474462,0,9,45.262700,(5-4)
2.475321,1,10,34.452016,(160-120)
2.479418,1,10,34.124238,(160-120)
2.489215,1,8,18.233581,(34-27)
2.489481,1,8,18.217624,(33-23)
2.496549,1,8,18.378457,(33-23)
2.496815,1,8,18.384509,(33-23)
2.497177,0,8,0.000000,(28-22)
2.497177,1,8,18.392755,(28-22)
2.499413,0,5,20.389758,(19-15)
2.504510,0,8,0.440000,(28-22)
2.510413,0,5,20.818076,(19-15)
2.521434,0,5,21.247212,(17-14)
2.525836,0,8,1.719565,(28-22)
2.528278,0,6,35.675178,(15-13)
2.532434,0,5,21.687212,(17-14)
2.544694,0,4,44.051588,(4-4)
2.544694,0,4,44.051588,(4-4)
2.550095,0,8,2.963231,(28-22)
2.553614,0,8,3.108454,(27-21)
2.558290,0,8,3.295467,(27-21)
2.562751,1,10,29.957571,(158-119)
2.565022,0,8,3.548454,(27-21)
2.573722,0,4,45.212700,(11-10)
2.584225,0,4,45.652700,(11-10)
2.584751,1,10,29.518271,(158-119)
2.586067,0,8,4.128800,(25-20)
2.586474,0,7,12.532242,(24-19)
2.587516,1,10,29.463073,(158-119)
2.587516,1,10,29.463073,(158-119)
2.594904,0,4,46.140770,(10-8)
2.598707,0,4,46.324491,(9-9)
2.600892,0,9,45.262700,(5-4)
2.603841,0,4,46.580770,(9-9)
2.603905,1,10,29.135816,(157-29)
2.607410,0,4,46.764491,(9-9)
2.608067,0,8,4.563426,(25-20)
2.615502,0,7,13.693353,(23-17)
2.615858,0,8,4.717345,(25-20)
2.617559,0,9,45.212700,(4-3)
2.622719,1,10,28.695816,(157-29)
2.626502,0,7,14.133353,(23-17)
2.636843,0,7,14.546996,(20-16)
2.641458,0,9,44.966492,(4-3)
2.643169,0,8,4.991652,(25-20)
2.647843,0,7,14.986996,(20-16)
2.653067,0,9,44.772700,(4-3)
2.658940,0,8,5.041119,(24-19)
2.662446,0,6,30.308455,(15-13)
2.662446,0,6,30.308455,(15-13)
2.669192,0,5,27.157538,(17-14)
2.669192,0,5,27.157538,(17-14)
2.670641,0,6,29.980677,(15-13)
2.684833,0,4,51.879366,(9-9)
2.689905,0,5,27.986055,(17-14)
2.694421,0,8,5.481119,(24-19)
2.698418,0,6,29.147344,(16-14)
2.698957,0,5,28.318649,(216-171)
2.712003,0,9,43.040477,(4-3)
2.714614,0,5,28.754624,(218-13)
2.714796,0,5,28.758651,(218-13)
2.720418,0,6,28.707344,(16-14)
2.723464,0,6,28.646427,(16-14)
2.731463,0,6,28.509490,(16-14)
2.737085,0,5,29.072055,(218-13)
2.740489,1,10,23.046178,(157-29)
2.743140,0,6,28.318649,(17-15)
2.746766,0,5,29.147344,(15-2)
2.751355,0,5,29.194801,(15-2)
2.753345,0,8,7.213105,(24-19)
2.753884,0,7,19.228647,(20-16)
2.762079,0,7,19.556425,(20-16)
2.763105,0,6,27.878649,(17-15)
2.769756,1,10,20.867603,(35-28)
2.770571,1,10,20.802483,(35-28)
2.772288,0,4,58.875796,(9-9)
2.775257,1,10,20.427603,(35-28)
2.776397,0,5,29.587344,(15-2)
2.778377,1,10,20.178026,(35-28)
2.789857,0,7,20.389758,(18-15)
2.790708,0,9,39.892266,(4-3)
2.797174,1,11,36.636246,(160-120)
2.798903,0,9,39.564488,(4-3)
2.802674,1,11,36.196246,(160-120)
2.803015,0,6,26.568948,(17-15)
2.806155,1,10,18.233581,(34-27)
2.806421,1,10,18.217624,(33-23)
2.811857,0,7,20.829758,(18-15)
2.813488,1,10,18.378457,(33-23)
2.813754,1,10,18.384509,(33-23)
2.814116,0,10,0.000000,(28-22)
2.814116,1,10,18.392755,(28-22)
2.816340,0,7,20.919434,(18-15)
2.821450,0,10,0.440000,(28-22)
2.824477,1,11,34.452016,(160-120)
2.826681,0,9,38.731155,(3-1)
2.828574,1,11,34.124238,(160-120)
2.831445,0,5,31.243802,(15-2)
2.842776,0,10,1.719565,(28-22)
2.844118,0,7,21.197212,(18-15)
2.848681,0,9,38.291155,(3-1)
2.852495,0,9,38.214875,(1-2)
2.854479,0,9,38.175178,(1-2)
2.867035,0,10,2.963231,(28-22)
2.870554,0,10,3.108454,(27-21)
2.875229,0,10,3.295467,(27-21)
2.881962,0,10,3.548454,(27-21)
2.882257,0,9,37.897400,(1-2)
2.883399,0,4,63.320241,(9-9)
2.886323,0,8,12.532242,(24-19)
2.886323,0,8,12.532242,(24-19)
2.894518,0,8,12.860020,(24-19)
2.903007,0,10,4.128800,(25-20)
2.907031,0,6,22.408323,(17-15)
2.907031,0,6,22.408323,(17-15)
2.911908,1,11,29.957571,(158-119)
2.922296,0,8,13.693353,(22-18)
2.925007,0,10,4.563426,(25-20)
2.932798,0,10,4.717345,(25-20)
2.933908,1,11,29.518271,(158-119)
2.936058,0,6,21.247212,(19-16)
2.936672,1,11,29.463073,(158-119)
2.939186,0,8,14.031156,(21-17)
2.944296,0,8,14.132309,(21-17)
2.947058,0,6,20.818894,(19-16)
2.948855,0,8,14.222566,(21-17)
2.953061,1,11,29.135816,(157-29)
2.958079,0,6,20.389758,(20-17)
2.960576,0,10,4.991730,(25-20)
2.963725,0,7,21.197212,(18-15)
2.967329,0,8,14.466662,(21-17)
2.967507,0,5,36.686289,(15-2)
2.967507,0,5,36.686289,(15-2)
2.969079,0,6,19.949758,(20-17)
2.971875,1,11,28.695816,(157-29)
2.976633,0,8,14.497506,(21-17)
2.980392,0,7,21.247212,(17-14)
2.996535,0,5,37.847400,(2-3)
3.007535,0,5,38.285635,(2-3)
3.015900,0,7,21.687212,(17-14)
3.018718,0,5,38.731155,(4-4)
3.024201,0,9,37.897400,(1-2)
3.029718,0,5,39.171155,(4-4)
3.040868,0,9,37.847400,(15-13)
3.050291,0,9,37.774876,(15-13)
3.074836,0,7,23.419434,(17-14)
3.075121,0,6,15.708107,(20-17)
3.076376,0,9,37.407400,(15-13)
3.089645,1,11,23.046178,(157-29)
3.104148,0,6,14.546996,(23-19)
3.115148,0,6,14.106996,(23-19)
3.119086,1,12,36.636246,(160-120)
3.124586,1,12,36.196246,(160-120)
3.125490,0,6,13.693353,(24-20)
3.129343,1,11,20.867603,(35-28)
3.131815,0,8,14.497506,(21-17)
3.135313,0,9,35.675178,(15-13)
3.136490,0,6,13.253353,(24-20)
3.141493,1,11,20.427603,(35-28)
3.146389,1,12,34.452016,(160-120)
3.148482,0,8,14.546996,(20-16)
3.150486,1,12,34.124238,(160-120)
3.151728,0,5,44.051588,(4-4)
3.151728,0,5,44.051588,(4-4)
3.168289,0,7,27.157538,(17-14)
3.168289,0,7,27.157538,(17-14)
3.176483,0,7,27.485316,(17-14)
3.180756,0,5,45.212700,(11-10)
3.183990,0,8,14.986996,(20-16)
3.185715,1,11,19.723581,(35-28)
3.191260,0,5,45.652700,(11-10)
3.201939,0,5,46.140770,(10-8)
3.204261,0,7,28.318649,(16-13)
3.205742,0,5,46.324491,(9-9)
3.210876,0,5,46.580770,(9-9)
3.214444,0,5,46.764491,(9-9)
3.226261,0,7,28.758649,(16-13)
3.229307,0,7,28.819566,(16-13)
3.233819,1,12,29.957571,(158-119)
3.242926,0,8,16.719218,(20-16)
3.255819,1,12,29.518271,(158-119)
3.257085,0,7,29.097344,(16-13)
3.258583,1,12,29.463073,(158-119)
3.269481,0,9,30.308455,(15-13)
3.269481,0,9,30.308455,(15-13)
3.277399,0,14,62.958626,(13-7)
3.286361,1,12,29.185737,(158-119)
3.291867,0,5,51.879366,(9-9)
3.298508,0,9,29.147344,(218-171)
3.305662,0,8,19.228647,(20-16)
3.308322,0,9,28.754624,(216-14)
3.309508,0,9,28.707167,(216-14)
3.312768,0,6,6.202230,(24-20)
3.312768,0,6,6.202230,(24-20)
3.313856,0,8,19.556425,(20-16)
3.319221,0,9,28.318649,(17-15)
3.319322,0,9,28.314624,(17-15)
3.326175,0,7,29.097344,(16-13)
3.330221,0,9,27.878649,(17-15)
3.341634,0,8,20.389758,(18-15)
3.341795,0,6,5.041119,(26-21)
3.342842,0,7,29.147344,(15-2)
3.352795,0,6,4.601119,(26-21)
3.363634,0,8,20.829758,(18-15)
3.364603,0,6,4.128800,(27-22)
3.368118,0,8,20.919434,(18-15)
3.369462,0,10,4.991730,(25-20)
3.375603,0,6,3.688800,(27-22)
3.378350,0,7,29.587344,(15-2)
3.379323,0,5,58.875796,(9-9)
3.386129,0,10,5.041119,(24-19)
3.390112,0,6,3.108454,(28-23)
3.395896,0,8,21.197212,(18-15)
3.400616,0,6,2.668454,(28-23)
3.401233,1,13,0.000000,(176-135)
3.406733,1,13,0.440000,(176-135)
3.418851,0,6,1.810225,(28-23)
3.421637,0,10,5.481119,(24-19)
3.430880,0,6,1.178554,(28-23)
3.437286,0,7,31.319566,(15-2)
3.445668,0,6,0.330676,(28-23)
3.451179,0,6,0.000000,(29-24)
3.466971,1,6,17.445248,(187-130)
3.466979,0,9,22.408323,(17-15)
3.466979,0,9,22.408323,(17-15)
3.467770,1,6,17.397280,(170-131)
3.474304,1,6,17.005248,(170-131)
3.475103,1,6,16.957280,(170-131)
3.475179,1,11,19.723581,(35-28)
3.480573,0,10,7.213341,(24-19)
3.490434,0,5,63.320241,(9-9)
3.496007,0,9,21.247212,(19-16)
3.498119,1,13,7.750847,(176-135)
3.499621,0,14,54.069737,(13-7)
3.499958,1,6,15.465985,(170-131)
3.502216,1,13,8.078624,(176-135)
3.507007,0,9,20.818894,(19-16)
3.511137,1,6,14.795291,(170-131)
3.518028,0,9,20.389758,(20-17)
3.523674,0,8,21.197212,(18-15)
3.529028,0,9,19.949758,(20-17)
3.536789,1,13,10.414174,(175-133)
3.540341,0,8,21.247212,(17-14)
3.544706,1,13,10.827883,(173-132)
3.545240,1,13,10.854174,(173-132)
3.552947,1,6,12.915985,(171-132)
3.554153,0,14,49.707144,(13-7)
3.554280,1,13,11.267883,(173-132)
3.566161,1,11,18.233581,(34-27)
3.566647,1,11,18.217624,(33-23)
3.568667,0,14,48.546033,(13-7)
3.571454,0,7,36.686289,(15-2)
3.571454,0,7,36.686289,(15-2)
3.572066,1,6,12.475985,(171-132)
3.575849,0,8,21.687212,(17-14)
3.578727,1,11,18.378457,(33-23)
3.579154,1,11,18.384509,(33-23)
3.579649,0,7,37.014066,(15-2)
3.579733,0,11,0.000000,(28-22)
3.579733,1,11,18.392755,(28-22)
3.585549,1,13,12.245291,(172-131)
3.590834,0,11,0.440000,(28-22)
3.594470,1,6,12.295291,(171-132)
3.595394,1,12,29.185737,(158-119)
3.602352,0,14,46.259713,(7-6)
3.602778,1,13,12.589014,(172-131)
3.602778,1,13,12.589014,(172-131)
3.603465,0,14,46.198155,(6-5)
3.607426,0,7,37.847400,(1-1)
3.607549,1,13,12.684208,(172-131)
3.610695,0,14,45.819713,(6-5)
3.611943,0,14,45.758155,(6-5)
3.612060,1,12,29.135816,(157-29)
3.613546,0,10,12.532242,(24-19)
3.619167,1,13,12.915985,(170-130)
3.619573,0,14,45.406492,(5-4)
3.621740,0,10,12.860020,(24-19)
3.624216,1,6,12.295291,(171-132)
3.624223,0,14,45.212700,(4-3)
3.625800,0,7,38.214875,(3-3)
3.626558,0,11,2.157144,(28-22)
3.629426,0,7,38.287400,(3-3)
3.630378,0,14,44.966492,(4-3)
3.634785,0,8,23.419434,(17-14)
3.635070,0,9,15.708107,(20-17)
3.635223,0,14,44.772700,(4-3)
3.635225,0,7,38.403377,(3-3)
3.637981,1,13,13.355985,(170-130)
3.640883,1,6,12.245291,(173-133)
3.643174,0,11,2.963231,(28-22)
3.646693,0,11,3.108454,(27-21)
3.647569,1,12,28.695816,(157-29)
3.649518,0,10,13.693353,(22-18)
3.651368,0,11,3.295467,(27-21)
3.654459,0,7,38.654875,(3-3)
3.656411,0,9,14.854464,(20-17)
3.658101,0,11,3.548454,(27-21)
3.663003,0,7,38.681155,(3-3)
3.664718,0,9,14.546996,(23-19)
3.666408,0,10,14.031156,(21-17)
3.671518,0,10,14.132309,(21-17)
3.676077,0,10,14.222566,(21-17)
3.676391,1,6,11.805291,(173-133)
3.679146,0,11,4.128800,(25-20)
3.680184,0,9,14.106996,(23-19)
3.688185,0,9,13.946956,(23-19)
3.694551,0,10,14.466662,(21-17)
3.696850,0,10,14.480023,(21-17)
3.701146,0,11,4.563426,(25-20)
3.701211,0,9,13.693353,(24-20)
3.705866,1,13,16.002989,(170-130)
3.705866,1,13,16.002989,(170-130)
3.706761,0,10,14.546996,(20-16)
3.708937,0,11,4.717345,(25-20)
3.709456,1,13,16.189141,(170-130)
3.714506,1,6,10.827883,(175-135)
3.718824,0,9,13.253353,(24-20)
3.726445,1,6,10.414174,(176-136)
3.727156,1,6,10.387883,(176-136)
3.728238,0,8,27.157538,(17-14)
3.728238,0,8,27.157538,(17-14)
3.736432,0,8,27.485316,(17-14)
3.736715,0,11,4.991730,(25-20)
3.737765,0,10,14.986996,(20-16)
3.737773,1,6,9.974174,(176-136)
3.738087,1,13,17.397280,(187-146)
3.739618,1,13,17.445248,(188-147)
3.751733,0,9,12.131939,(24-20)
3.755185,1,13,17.837280,(188-147)
3.757144,1,13,17.874269,(189-25)
3.757234,0,14,39.892266,(4-3)
3.757756,1,13,17.885248,(189-25)
3.758278,1,13,17.894407,(31-26)
3.764210,0,8,28.318649,(16-13)
3.782378,1,13,18.103497,(31-26)
3.782598,1,12,22.877660,(157-29)
3.786210,0,8,28.758649,(16-13)
3.786261,0,14,38.731155,(2-2)
3.789256,0,8,28.819566,(16-13)
3.793952,0,10,16.666228,(20-16)
3.797261,0,14,38.292919,(2-2)
3.808444,0,14,37.847400,(15-13)
3.813928,0,7,38.681155,(3-3)
3.817033,0,8,29.097344,(16-13)
3.819444,0,14,37.407400,(15-13)
3.819827,1,12,20.867603,(35-28)
3.830595,0,7,38.731155,(4-4)
3.831977,1,12,20.427603,(35-28)
3.846438,1,6,3.406402,(176-136)
3.858013,0,10,19.228647,(20-16)
3.866103,0,7,39.171155,(4-4)
3.866207,0,10,19.556425,(20-16)
3.876200,1,12,19.723581,(35-28)
3.889018,1,6,0.000000,(220-173)
3.893985,0,10,20.389758,(18-15)
3.899975,0,9,6.202230,(24-20)
3.899975,0,9,6.202230,(24-20)
3.915985,0,10,20.829758,(18-15)
3.920469,0,10,20.919434,(18-15)
3.925039,0,7,40.903377,(4-4)
3.927960,1,15,0.000000,(176-135)
3.929003,0,9,5.041119,(26-21)
3.940003,0,9,4.601119,(26-21)
3.948247,0,10,21.197212,(18-15)
3.951811,0,9,4.128800,(27-22)
3.956670,0,11,4.991730,(25-20)
3.962811,0,9,3.688800,(27-22)
3.963469,1,15,0.440000,(176-135)
3.970922,0,16,62.958626,(13-7)
3.973336,0,11,5.041119,(24-19)
3.977320,0,9,3.108454,(28-23)
3.987823,0,9,2.668454,(28-23)
3.996918,0,14,30.308455,(15-13)
3.996918,0,14,30.308455,(15-13)
4.003745,0,7,44.051588,(4-4)
4.003745,0,7,44.051588,(4-4)
4.006059,0,9,1.810225,(28-23)
4.006059,0,9,1.810225,(28-23)
4.008845,0,11,5.481119,(24-19)
4.018088,0,9,1.178554,(28-23)
4.025946,0,14,29.147344,(218-171)
4.032772,0,7,45.212700,(11-10)
4.032875,0,9,0.330676,(28-23)
4.035759,0,14,28.754624,(216-14)
4.036946,0,14,28.707167,(216-14)
4.038386,0,9,0.000000,(29-24)
4.043276,0,7,45.652700,(11-10)
4.046659,0,14,28.318649,(17-15)
4.046759,0,14,28.314624,(17-15)
4.053612,0,8,29.097344,(16-13)
4.053955,0,7,46.140770,(10-8)
4.054178,1,9,17.445248,(187-130)
4.054978,1,9,17.397280,(170-131)
4.057659,0,14,27.878649,(17-15)
4.057758,0,7,46.324491,(9-9)
4.061512,1,9,17.005248,(170-131)
4.062311,1,9,16.957280,(170-131)
4.062386,1,12,19.723581,(35-28)
4.062892,0,7,46.580770,(9-9)
4.066460,0,7,46.764491,(9-9)
4.067781,0,11,7.213341,(24-19)
4.070279,0,8,29.147344,(15-2)
4.087166,1,9,15.465985,(170-131)
4.087166,1,9,15.465985,(170-131)
4.092629,1,9,15.138207,(170-131)
4.105787,0,8,29.587344,(15-2)
4.124256,1,15,8.113527,(176-135)
4.130010,1,15,8.560657,(176-135)
4.143883,0,7,51.879366,(9-9)
4.148184,1,9,12.915985,(172-132)
4.153369,1,12,18.233581,(34-27)
4.153855,1,12,18.217624,(33-23)
4.156842,1,15,10.414174,(175-133)
4.164127,1,15,10.827883,(173-132)
4.164613,1,15,10.854174,(173-132)
4.164723,0,8,31.319566,(15-2)
4.165413,1,9,12.572262,(172-132)
4.165935,1,12,18.378457,(33-23)
4.166362,1,12,18.384509,(33-23)
4.166941,0,12,0.000000,(28-22)
4.166941,1,12,18.392755,(28-22)
4.170685,1,9,12.477068,(172-132)
4.172742,1,15,11.267883,(173-132)
4.178042,0,12,0.440000,(28-22)
4.183028,1,13,18.103497,(31-26)
4.193145,0,16,54.069737,(13-7)
4.193191,1,9,12.295168,(172-132)
4.194417,0,14,22.408323,(17-15)
4.194417,0,14,22.408323,(17-15)
4.197846,1,15,12.245291,(171-131)
4.199695,1,13,18.153497,(32-27)
4.200753,0,11,12.532242,(24-19)
4.200753,0,11,12.532242,(24-19)
4.208209,1,13,18.217624,(34-28)
4.208209,1,13,18.217624,(34-28)
4.208948,0,11,12.860020,(24-19)
4.209911,1,13,18.233581,(35-29)
4.209911,1,13,18.233581,(35-29)
4.213766,0,12,2.157144,(28-22)
4.216965,1,15,12.685291,(171-131)
4.217248,1,13,18.314269,(35-29)
4.217248,1,13,18.314269,(35-29)
4.218845,1,13,18.334407,(35-29)
4.218845,1,13,18.334407,(35-29)
4.223445,0,14,21.247212,(19-16)
4.230381,0,12,2.963231,(28-22)
4.231339,0,7,58.875796,(9-9)
4.233632,1,9,12.295168,(172-132)
4.233900,0,12,3.108454,(27-21)
4.233914,1,15,12.855275,(171-131)
4.234445,0,14,20.818894,(19-16)
4.235203,1,13,18.593497,(35-29)
4.235203,1,13,18.593497,(35-29)
4.236726,0,11,13.693353,(22-18)
4.238513,1,13,18.657624,(35-29)
4.238513,1,13,18.657624,(35-29)
4.238576,0,12,3.295467,(27-21)
4.239306,1,13,18.673581,(35-29)
4.239306,1,13,18.673581,(35-29)
4.244366,1,15,12.915985,(170-130)
4.245278,1,17,36.636246,(160-120)
4.245308,0,12,3.548454,(27-21)
4.245466,0,14,20.389758,(20-17)
4.247677,0,16,49.707144,(13-7)
4.247677,0,16,49.707144,(13-7)
4.250298,1,9,12.245291,(173-133)
4.250778,1,17,36.196246,(160-120)
4.251111,0,10,21.197212,(18-15)
4.253616,0,11,14.031156,(21-17)
4.256466,0,14,19.949758,(20-17)
4.258726,0,11,14.132309,(21-17)
4.262191,0,16,48.546033,(13-7)
4.263285,0,11,14.222566,(21-17)
4.266353,0,12,4.128800,(25-20)
4.267778,0,10,21.247212,(17-14)
4.272581,1,17,34.452016,(160-120)
4.276678,1,17,34.124238,(160-120)
4.276864,1,15,13.355985,(170-130)
4.281759,0,11,14.466662,(21-17)
4.283289,1,13,19.912901,(35-29)
4.283289,1,13,19.912901,(35-29)
4.285807,1,9,11.805291,(173-133)
4.288353,0,12,4.563426,(25-20)
4.291063,0,11,14.497506,(21-17)
4.295876,0,16,46.259713,(7-6)
4.296145,0,12,4.717345,(25-20)
4.296988,0,16,46.198155,(6-5)
4.298892,0,8,36.686289,(15-2)
4.303286,0,10,21.687212,(17-14)
4.304218,0,16,45.819713,(6-5)
4.305467,0,16,45.758155,(6-5)
4.306948,1,13,20.867603,(157-119)
4.306948,1,13,20.867603,(157-119)
4.307086,0,8,37.014066,(15-2)
4.313096,0,16,45.406492,(5-4)
4.316447,1,13,21.307603,(157-119)
4.316447,1,13,21.307603,(157-119)
4.317747,0,16,45.212700,(4-3)
4.320885,0,19,62.958626,(13-7)
4.323902,0,16,44.966492,(4-3)
4.323922,1,9,10.827883,(175-135)
4.323922,0,12,4.991730,(25-20)
4.328747,0,16,44.772700,(4-3)
4.334864,0,8,37.847400,(1-1)
4.335860,1,9,10.414174,(176-136)
4.336572,1,9,10.387883,(176-136)
4.342450,0,7,63.320241,(9-9)
4.345413,0,19,62.958626,(13-7)
4.347188,1,9,9.974174,(176-136)
4.353238,0,8,38.214875,(3-3)
4.356864,0,8,38.287400,(3-3)
4.358958,1,15,16.160797,(170-130)
4.360011,1,17,29.957571,(158-119)
4.362222,0,10,23.419434,(17-14)
4.362507,0,14,15.708107,(20-17)
4.362507,0,14,15.708107,(20-17)
4.362663,0,8,38.403377,(3-3)
4.363106,1,15,16.366920,(170-130)
4.381897,0,8,38.654875,(3-3)
4.382011,1,17,29.518271,(158-119)
4.384710,1,13,25.425043,(157-119)
4.384710,1,13,25.425043,(157-119)
4.384776,1,17,29.463073,(158-119)
4.387936,1,15,17.397280,(187-146)
4.389434,1,15,17.445248,(188-147)
4.390440,0,8,38.681155,(3-3)
4.391535,0,14,14.546996,(23-19)
4.392119,1,13,25.972880,(157-119)
4.392119,1,13,25.972880,(157-119)
4.398678,1,13,26.451102,(157-119)
4.398678,1,13,26.451102,(157-119)
4.402535,0,14,14.106996,(23-19)
4.404474,1,15,17.837280,(188-147)
4.406324,1,15,17.874269,(189-25)
4.406899,1,15,17.885248,(189-25)
4.407388,1,15,17.894407,(30-24)
4.412553,1,17,29.185737,(158-119)
4.412876,0,14,13.693353,(24-20)
4.419201,0,11,14.497506,(21-17)
4.423876,0,14,13.253353,(24-20)
4.424928,1,13,28.427051,(157-119)
4.424928,1,13,28.427051,(157-119)
4.433156,1,15,18.128784,(30-24)
4.433787,1,13,29.135816,(159-120)
4.433787,1,13,29.135816,(159-120)
4.435868,0,11,14.546996,(20-16)
4.439287,1,13,29.575816,(159-120)
4.439287,1,13,29.575816,(159-120)
4.444059,1,13,29.957571,(160-121)
4.444059,1,13,29.957571,(160-121)
4.449559,1,13,30.397571,(160-121)
4.449559,1,13,30.397571,(160-121)
4.450757,0,16,39.892266,(4-3)
4.455675,0,10,27.157538,(17-14)
4.455675,0,10,27.157538,(17-14)
4.455854,1,9,3.406402,(176-136)
4.455954,1,17,29.185737,(158-119)
4.463869,0,10,27.485316,(17-14)
4.471376,0,11,14.986996,(20-16)
4.472620,1,17,29.135816,(157-29)
4.479785,0,16,38.731155,(2-2)
4.490785,0,16,38.292919,(2-2)
4.491647,0,10,28.318649,(16-13)
4.498434,1,9,0.000000,(220-173)
4.501968,0,16,37.847400,(15-13)
4.507452,0,8,38.681155,(3-3)
4.508129,1,17,28.695816,(157-29)
4.512968,0,16,37.407400,(15-13)
4.513647,0,10,28.758649,(16-13)
4.516693,0,10,28.819566,(16-13)
4.524119,0,8,38.731155,(4-4)
4.527543,1,13,36.636246,(222-174)
4.527543,1,13,36.636246,(222-174)
4.530312,0,11,16.719218,(20-16)
4.541877,1,18,0.000000,(176-135)
4.544471,0,10,29.097344,(16-13)
4.552505,1,18,0.440000,(176-135)
4.559627,0,8,39.171155,(4-4)
4.567635,0,19,54.069737,(13-7)
4.593048,0,11,19.228647,(20-16)
4.600154,0,14,6.202230,(24-20)
4.600154,0,14,6.202230,(24-20)
4.601243,0,11,19.556425,(20-16)
4.618563,0,8,40.903377,(4-4)
4.622168,0,19,49.707144,(13-7)
4.629020,0,11,20.389758,(18-15)
4.629182,0,14,5.041119,(26-21)
4.640182,0,14,4.601119,(26-21)
4.643158,1,17,22.877660,(157-29)
4.651020,0,11,20.829758,(18-15)
4.651990,0,14,4.128800,(27-22)
4.654413,1,18,6.723274,(176-135)
4.655504,0,11,20.919434,(18-15)
4.656848,0,12,4.991730,(25-20)
4.662990,0,14,3.688800,(27-22)
4.667257,1,18,7.750847,(176-135)
4.671354,1,18,8.078624,(176-135)
4.673515,0,12,5.041119,(24-19)
4.677498,0,14,3.108454,(28-23)
4.680387,1,17,20.867603,(35-28)
4.680653,0,19,46.259713,(7-6)
4.682304,0,19,46.198155,(6-5)
4.683282,0,11,21.197212,(18-15)
4.688002,0,14,2.668454,(28-23)
4.690442,0,16,30.308455,(15-13)
4.692537,1,17,20.427603,(35-28)
4.693944,0,19,45.819713,(6-5)
4.696181,0,19,45.758155,(6-5)
4.697268,0,8,44.051588,(4-4)
4.705928,1,18,10.414174,(175-133)
4.706237,0,14,1.810225,(28-23)
4.706237,0,14,1.810225,(28-23)
4.709023,0,12,5.481119,(24-19)
4.710610,0,21,62.958626,(13-7)
4.713293,0,19,45.406492,(5-4)
4.713844,1,18,10.827883,(173-132)
4.714379,1,18,10.854174,(173-132)
4.718266,0,14,1.178554,(28-23)
4.718266,0,14,1.178554,(28-23)
4.718502,1,20,36.636246,(160-120)
4.719469,0,16,29.147344,(218-171)
4.723418,1,18,11.267883,(173-132)
4.724002,1,20,36.196246,(160-120)
4.726296,0,8,45.212700,(11-10)
4.729283,0,16,28.754624,(216-14)
4.730469,0,16,28.707167,(216-14)
4.733054,0,14,0.330676,(28-23)
4.733279,0,19,45.262700,(5-4)
4.736760,1,17,19.723581,(35-28)
4.736800,0,8,45.652700,(11-10)
4.738565,0,14,0.000000,(29-24)
4.740182,0,16,28.318649,(17-15)
4.740283,0,16,28.314624,(17-15)
4.745805,1,20,34.452016,(160-120)
4.747136,0,10,29.097344,(16-13)
4.747479,0,8,46.140770,(10-8)
4.749902,1,20,34.124238,(160-120)
4.751182,0,16,27.878649,(17-15)
4.751282,0,8,46.324491,(9-9)
4.753466,0,19,45.262700,(5-4)
4.754357,1,14,17.445248,(187-130)
4.754688,1,18,12.245291,(172-131)
4.755156,1,14,17.397280,(170-131)
4.756415,0,8,46.580770,(9-9)
4.759984,0,8,46.764491,(9-9)
4.761690,1,14,17.005248,(170-131)
4.762490,1,14,16.957280,(170-131)
4.763803,0,10,29.147344,(15-2)
4.766147,1,15,18.128784,(30-24)
4.767959,0,12,7.213341,(24-19)
4.770133,0,19,45.212700,(4-3)
4.771916,1,18,12.589014,(172-131)
4.777188,1,18,12.684208,(172-131)
4.782814,1,15,18.177807,(29-23)
4.787344,1,14,15.465985,(170-131)
4.787344,1,14,15.465985,(170-131)
4.794032,0,19,44.966492,(4-3)
4.797842,1,15,18.308624,(29-23)
4.798523,1,14,14.795291,(170-131)
4.799311,0,10,29.587344,(15-2)
4.799560,1,15,18.328763,(29-23)
4.799694,1,18,12.866108,(172-131)
4.804513,0,15,0.000000,(28-22)
4.804513,1,15,18.392755,(28-22)
4.805641,0,19,44.772700,(4-3)
4.816227,1,17,19.723581,(35-28)
4.818322,0,15,0.225053,(28-22)
4.822308,0,21,62.958626,(13-7)
4.828728,0,15,0.440000,(28-22)
4.829844,1,14,12.915985,(171-132)
4.833235,1,20,29.957571,(158-119)
4.837178,1,14,12.475985,(171-132)
4.837407,0,8,51.879366,(9-9)
4.841023,1,14,12.245291,(173-133)
4.848201,1,14,11.805291,(173-133)
4.855235,1,20,29.518271,(158-119)
4.858000,1,20,29.463073,(158-119)
4.858247,0,10,31.319566,(15-2)
4.863174,1,14,10.827883,(175-135)
4.864577,0,19,43.040477,(4-3)
4.869165,1,14,10.414174,(176-136)
4.869540,1,14,10.387883,(176-136)
4.875341,1,14,9.974174,(176-136)
4.885778,1,20,29.185737,(158-119)
4.887941,0,16,22.408323,(17-15)
4.895025,0,15,2.724728,(28-22)
4.896578,1,14,8.356402,(176-136)
4.900388,0,15,2.963231,(28-22)
4.900932,0,12,12.532242,(24-19)
4.900932,0,12,12.532242,(24-19)
4.903908,0,15,3.108454,(27-21)
4.907073,1,17,18.238025,(35-28)
4.907209,1,17,18.233581,(34-27)
4.907695,1,17,18.217624,(32-26)
4.908583,0,15,3.295467,(27-21)
4.909126,0,12,12.860020,(24-19)
4.909622,1,17,18.153497,(31-25)
4.915315,0,15,3.548454,(27-21)
4.916968,0,16,21.247212,(19-16)
4.917034,1,17,17.894407,(189-147)
4.917034,1,17,17.894407,(189-147)
4.917587,1,17,17.874269,(188-146)
4.917587,1,17,17.874269,(188-146)
4.919775,1,17,17.793581,(188-146)
4.919775,1,17,17.793581,(188-146)
4.920202,1,17,17.777624,(188-146)
4.920202,1,17,17.777624,(188-146)
4.921902,1,17,17.713497,(188-146)
4.921902,1,17,17.713497,(188-146)
4.924863,0,8,58.875796,(9-9)
4.927968,0,16,20.818894,(19-16)
4.928506,1,17,17.454407,(188-146)
4.928506,1,17,17.454407,(188-146)
4.928732,1,17,17.445248,(187-130)
4.928732,1,17,17.445248,(187-130)
4.928732,1,17,17.445248,(187-130)
4.929003,1,17,17.434269,(187-130)
4.929003,1,17,17.434269,(187-130)
4.929003,1,17,17.434269,(187-130)
4.929910,1,17,17.397280,(170-131)
4.929910,1,17,17.397280,(170-131)
4.929910,1,17,17.397280,(170-131)
4.936361,0,15,4.128800,(25-20)
4.936442,1,20,29.185737,(158-119)
4.936904,0,12,13.693353,(22-18)
4.938989,0,16,20.389758,(20-17)
4.939117,1,17,17.005248,(170-131)
4.939117,1,17,17.005248,(170-131)
4.939117,1,17,17.005248,(170-131)
4.940196,1,17,16.957280,(170-131)
4.940196,1,17,16.957280,(170-131)
4.940196,1,17,16.957280,(170-131)
4.943283,0,19,39.892266,(4-3)
4.944635,0,11,21.197212,(18-15)
4.949989,0,16,19.949758,(20-17)
4.951477,0,19,39.564488,(4-3)
4.953108,1,20,29.135816,(157-29)
4.953794,0,12,14.031156,(21-17)
4.958361,0,15,4.563426,(25-20)
4.958904,0,12,14.132309,(21-17)
4.961302,0,11,21.247212,(17-14)
4.963463,0,12,14.222566,(21-17)
4.966152,0,15,4.717345,(25-20)
4.974430,1,17,15.218517,(170-131)
4.974430,1,17,15.218517,(170-131)
4.974430,1,17,15.218517,(170-131)
4.979255,0,19,38.731155,(3-1)
4.981937,0,12,14.466662,(21-17)
4.982095,1,17,14.771388,(170-131)
4.982095,1,17,14.771388,(170-131)
4.982095,1,17,14.771388,(170-131)
4.988617,1,20,28.695816,(157-29)
4.991241,0,12,14.497506,(21-17)
4.992415,0,10,36.686289,(15-2)
4.993930,0,15,4.991730,(25-20)
4.996810,0,11,21.687212,(17-14)
5.001033,1,14,0.000000,(220-173)
5.001255,0,19,38.291155,(3-1)
5.005069,0,19,38.214875,(1-2)
5.007054,0,19,38.175178,(1-2)
5.014598,0,10,37.573602,(15-2)
5.017922,0,10,37.702563,(15-2)
5.021704,0,10,37.847400,(2-3)
5.023309,1,17,12.921900,(170-131)
5.023309,1,17,12.921900,(170-131)
5.023309,1,17,12.921900,(170-131)
5.023505,1,17,12.915985,(171-132)
5.023505,1,17,12.915985,(171-132)
5.023505,1,17,12.915985,(171-132)
5.024568,0,10,37.960030,(2-3)
5.032741,0,10,38.285635,(2-3)
5.034832,0,19,37.897400,(1-2)
5.035974,0,8,63.320241,(9-9)
5.037026,1,17,12.475985,(171-132)
5.037026,1,17,12.475985,(171-132)
5.037026,1,17,12.475985,(171-132)
5.043412,1,17,12.245291,(173-133)
5.043412,1,17,12.245291,(173-133)
5.043412,1,17,12.245291,(173-133)
5.043924,0,10,38.731155,(4-4)
5.044530,0,21,54.069737,(13-7)
5.049408,0,19,37.897400,(1-2)
5.053693,1,18,12.866108,(172-131)
5.054610,1,17,11.805291,(173-133)
5.054610,1,17,11.805291,(173-133)
5.054610,1,17,11.805291,(173-133)
5.054924,0,10,39.171155,(4-4)
5.055746,0,11,23.419434,(17-14)
5.056031,0,16,15.708107,(20-17)
5.066075,0,19,37.847400,(15-13)
5.070359,1,18,12.915985,(170-130)
5.075498,0,19,37.774876,(15-13)
5.076234,1,17,10.827883,(175-135)
5.076234,1,17,10.827883,(175-135)
5.076234,1,17,10.827883,(175-135)
5.084416,1,17,10.414174,(176-136)
5.084416,1,17,10.414174,(176-136)
5.084416,1,17,10.414174,(176-136)
5.084920,1,17,10.387883,(176-136)
5.084920,1,17,10.387883,(176-136)
5.084920,1,17,10.387883,(176-136)
5.085058,0,16,14.546996,(23-19)
5.092638,1,17,9.974174,(176-136)
5.092638,1,17,9.974174,(176-136)
5.092638,1,17,9.974174,(176-136)
5.096058,0,16,14.106996,(23-19)
5.099062,0,21,49.707144,(13-7)
5.101583,0,19,37.407400,(15-13)
5.105867,1,18,13.355985,(170-130)
5.106399,0,16,13.693353,(24-20)
5.112725,0,12,14.497506,(21-17)
5.117399,0,16,13.253353,(24-20)
5.123646,1,20,22.877660,(157-29)
5.129392,0,12,14.546996,(20-16)
5.149199,0,11,27.157538,(17-14)
5.149199,0,11,27.157538,(17-14)
5.157393,0,11,27.485316,(17-14)
5.157548,0,21,46.259713,(7-6)
5.159198,0,21,46.198155,(6-5)
5.160519,0,19,35.675178,(15-13)
5.160875,1,20,20.867603,(35-28)
5.162090,1,17,5.286230,(176-136)
5.162090,1,17,5.286230,(176-136)
5.162090,1,17,5.286230,(176-136)
5.164900,0,12,14.986996,(20-16)
5.170838,0,21,45.819713,(6-5)
5.171988,1,17,4.494444,(176-136)
5.171988,1,17,4.494444,(176-136)
5.171988,1,17,4.494444,(176-136)
5.173025,1,20,20.427603,(35-28)
5.173076,0,21,45.758155,(6-5)
5.176935,0,10,44.051588,(4-4)
5.185171,0,11,28.318649,(16-13)
5.187505,0,25,62.958626,(13-7)
5.189206,1,18,16.171507,(170-130)
5.190188,0,21,45.406492,(5-4)
5.193368,1,18,16.377630,(170-130)
5.205963,0,10,45.212700,(11-10)
5.207171,0,11,28.758649,(16-13)
5.210174,0,21,45.262700,(5-4)
5.210217,0,11,28.819566,(16-13)
5.216466,0,10,45.652700,(11-10)
5.217248,1,20,19.723581,(35-28)
5.217984,1,18,17.397280,(187-146)
5.218781,1,22,36.636246,(160-120)
5.219482,1,18,17.445248,(188-147)
5.223836,0,12,16.719218,(20-16)
5.224281,1,22,36.196246,(160-120)
5.227145,0,10,46.140770,(10-8)
5.228168,1,17,0.000000,(220-173)
5.228168,1,17,0.000000,(220-173)
5.228168,1,17,0.000000,(220-173)
5.230948,0,10,46.324491,(9-9)
5.233133,0,21,45.262700,(5-4)
5.234522,1,18,17.837280,(188-147)
5.236082,0,10,46.580770,(9-9)
5.236373,1,18,17.874269,(189-25)
5.236948,1,18,17.885248,(189-25)
5.237437,1,18,17.894407,(30-24)
5.237995,0,11,29.097344,(16-13)
5.239651,0,10,46.764491,(9-9)
5.246084,1,22,34.452016,(160-120)
5.249800,0,21,45.212700,(4-3)
5.250181,1,22,34.124238,(160-120)
5.263205,1,18,18.128784,(30-24)
5.273699,0,21,44.966492,(4-3)
5.285308,0,21,44.772700,(4-3)
5.286572,0,12,19.228647,(20-16)
5.286572,0,12,19.228647,(20-16)
5.293678,0,16,6.202230,(24-20)
5.293678,0,16,6.202230,(24-20)
5.294687,0,19,30.308455,(15-13)
5.294687,0,19,30.308455,(15-13)
5.294766,0,12,19.556425,(20-16)
5.301975,0,25,62.958626,(13-7)
5.317074,0,10,51.879366,(9-9)
5.322544,0,12,20.389758,(18-15)
5.322705,0,16,5.041119,(26-21)
5.323715,0,19,29.147344,(218-171)
5.333515,1,22,29.957571,(158-119)
5.333528,0,19,28.754624,(216-14)
5.333705,0,16,4.601119,(26-21)
5.334715,0,19,28.707167,(216-14)
5.344244,0,21,43.040477,(4-3)
5.344428,0,19,28.318649,(17-15)
5.344528,0,19,28.314624,(17-15)
5.344544,0,12,20.829758,(18-15)
5.345513,0,16,4.128800,(27-22)
5.349028,0,12,20.919434,(18-15)
5.350372,0,15,4.991730,(25-20)
5.351382,0,11,29.097344,(16-13)
5.355428,0,19,27.878649,(17-15)
5.355515,1,22,29.518271,(158-119)
5.356513,0,16,3.688800,(27-22)
5.358279,1,22,29.463073,(158-119)
5.367039,0,15,5.041119,(24-19)
5.368048,0,11,29.147344,(15-2)
5.371022,0,16,3.108454,(28-23)
5.376806,0,12,21.197212,(18-15)
5.381525,0,16,2.668454,(28-23)
5.386057,1,22,29.185737,(158-119)
5.399761,0,16,1.810225,(28-23)
5.402547,0,15,5.481119,(24-19)
5.403556,0,11,29.587344,(15-2)
5.404529,0,10,58.875796,(9-9)
5.410344,1,24,0.000000,(176-135)
5.415844,1,24,0.440000,(176-135)
5.422949,0,21,39.892266,(4-3)
5.422949,0,21,39.892266,(4-3)
5.431144,0,21,39.564488,(4-3)
5.458922,0,21,38.731155,(3-1)
5.461483,0,15,7.213341,(24-19)
5.462493,0,11,31.319566,(15-2)
5.469686,0,16,0.050000,(28-23)
5.480922,0,21,38.291155,(3-1)
5.484736,0,21,38.214875,(1-2)
5.486720,0,21,38.175178,(1-2)
5.492186,0,19,22.408323,(17-15)
5.492186,0,19,22.408323,(17-15)
5.507229,1,24,7.750847,(176-135)
5.511326,1,24,8.078624,(176-135)
5.514498,0,21,37.897400,(1-2)
5.515640,0,10,63.320241,(9-9)
5.521214,0,19,21.247212,(19-16)
5.524197,0,25,54.069737,(13-7)
5.532214,0,19,20.818894,(19-16)
5.543235,0,19,20.389758,(20-17)
5.545900,1,24,10.414174,(175-133)
5.548880,0,12,21.197212,(18-15)
5.553817,1,24,10.827883,(173-132)
5.554235,0,19,19.949758,(20-17)
5.554351,1,24,10.854174,(173-132)
5.563390,1,24,11.267883,(173-132)
5.565547,0,12,21.247212,(17-14)
5.578729,0,25,49.707144,(13-7)
5.594456,0,15,12.532242,(24-19)
5.594456,0,15,12.532242,(24-19)
5.594660,1,24,12.245291,(172-131)
5.596661,0,11,36.686289,(15-2)
5.601055,0,12,21.687212,(17-14)
5.602650,0,15,12.860020,(24-19)
5.611888,1,24,12.589014,(172-131)
5.617160,1,24,12.684208,(172-131)
5.625689,0,11,37.847400,(2-3)
5.630428,0,15,13.693353,(22-18)
5.636689,0,11,38.285635,(2-3)
5.637214,0,25,46.259713,(7-6)
5.638865,0,25,46.198155,(6-5)
5.639666,1,24,12.866108,(172-131)
5.647318,0,15,14.031156,(21-17)
5.647871,0,11,38.731155,(4-4)
5.650505,0,25,45.819713,(6-5)
5.652428,0,15,14.132309,(21-17)
5.652742,0,25,45.758155,(6-5)
5.653355,0,21,37.897400,(1-2)
5.656987,0,15,14.222566,(21-17)
5.658871,0,11,39.171155,(4-4)
5.659992,0,12,23.419434,(17-14)
5.660276,0,19,15.708107,(20-17)
5.667172,0,28,62.958626,(13-7)
5.669855,0,25,45.406492,(5-4)
5.670022,0,21,37.847400,(15-13)
5.675461,0,15,14.466662,(21-17)
5.679445,0,21,37.774876,(15-13)
5.681617,0,19,14.854464,(20-17)
5.681617,0,19,14.854464,(20-17)
5.684765,0,15,14.497506,(21-17)
5.689304,0,19,14.546996,(23-19)
5.689840,0,25,45.262700,(5-4)
5.700304,0,19,14.106996,(23-19)
5.705530,0,21,37.407400,(15-13)
5.710645,0,19,13.693353,(24-20)
5.716970,0,15,14.497506,(21-17)
5.721645,0,19,13.253353,(24-20)
5.733637,0,15,14.546996,(20-16)
5.753444,0,12,27.157538,(17-14)
5.753444,0,12,27.157538,(17-14)
5.761639,0,12,27.485316,(17-14)
5.764466,0,21,35.675178,(15-13)
5.769145,0,15,14.986996,(20-16)
5.780882,0,11,44.051588,(4-4)
5.789416,0,12,28.318649,(16-13)
5.809910,0,11,45.212700,(11-10)
5.811416,0,12,28.758649,(16-13)
5.814462,0,12,28.819566,(16-13)
5.820414,0,11,45.652700,(11-10)
5.828082,0,15,16.719218,(20-16)
5.831093,0,11,46.140770,(10-8)
5.834896,0,11,46.324491,(9-9)
5.837080,0,25,45.262700,(5-4)
5.840029,0,11,46.580770,(9-9)
5.842240,0,12,29.097344,(16-13)
5.843598,0,11,46.764491,(9-9)
5.853747,0,25,45.212700,(4-3)
5.877646,0,25,44.966492,(4-3)
5.889255,0,25,44.772700,(4-3)
5.890817,0,15,19.228647,(20-16)
5.897923,0,19,6.202230,(24-20)
5.898634,0,21,30.308455,(15-13)
5.899012,0,15,19.556425,(20-16)
5.905922,0,28,62.958626,(13-7)
5.906117,0,19,5.874452,(24-20)
5.921021,0,11,51.879366,(9-9)
5.926790,0,15,20.389758,(18-15)
5.927662,0,21,29.147344,(218-171)
5.933895,0,19,5.041119,(25-21)
5.937476,0,21,28.754624,(216-14)
5.938662,0,21,28.707167,(216-14)
5.948191,0,25,43.040477,(4-3)
5.948375,0,21,28.318649,(17-15)
5.948476,0,21,28.314624,(17-15)
5.948790,0,15,20.829758,(18-15)
5.953273,0,15,20.919434,(18-15)
5.955329,0,12,29.097344,(16-13)
5.955895,0,19,4.606493,(25-21)
5.959375,0,21,27.878649,(17-15)
5.963686,0,19,4.452574,(25-21)
5.971995,0,12,29.147344,(15-2)
5.981051,0,15,21.197212,(18-15)
5.991464,0,19,4.178189,(25-21)
6.007504,0,12,29.587344,(15-2)
6.008476,0,11,58.875796,(9-9)
6.026897,0,25,39.892266,(4-3)
6.026897,0,25,39.892266,(4-3)
6.035091,0,25,39.564488,(4-3)
6.062869,0,25,38.731155,(3-1)
6.066440,0,12,31.319566,(15-2)
6.084869,0,25,38.291155,(3-1)
6.088683,0,25,38.214875,(1-2)
6.090668,0,25,38.175178,(1-2)
6.096133,0,21,22.408323,(17-15)
6.096133,0,21,22.408323,(17-15)
6.118445,0,25,37.897400,(1-2)
6.119588,0,11,63.320241,(9-9)
6.125161,0,21,21.247212,(19-16)
6.128144,0,28,54.069737,(13-7)
6.136161,0,21,20.818894,(19-16)
6.147182,0,21,20.389758,(20-17)
6.152828,0,15,21.197212,(18-15)
6.158182,0,21,19.949758,(20-17)
6.169494,0,15,21.247212,(17-14)
6.182676,0,28,49.707144,(13-7)
6.200608,0,12,36.686289,(15-2)
6.200608,0,12,36.686289,(15-2)
6.205003,0,15,21.687212,(17-14)
6.229636,0,12,37.847400,(2-3)
6.240636,0,12,38.285635,(2-3)
6.241162,0,28,46.259713,(7-6)
6.242812,0,28,46.198155,(6-5)
6.251819,0,12,38.731155,(4-4)
6.254452,0,28,45.819713,(6-5)
6.256689,0,28,45.758155,(6-5)
6.257302,0,25,37.897400,(1-2)
6.262819,0,12,39.171155,(4-4)
6.263939,0,15,23.419434,(17-14)
6.264223,0,21,15.708107,(20-17)
6.271119,0,30,62.958626,(13-7)
6.272418,0,21,15.380329,(20-17)
6.273802,0,28,45.406492,(5-4)
6.273969,0,25,37.847400,(15-13)
6.283392,0,25,37.774876,(15-13)
6.293788,0,28,45.262700,(5-4)
6.300196,0,21,14.546996,(21-18)
6.309477,0,25,37.407400,(15-13)
6.322196,0,21,14.111490,(21-18)
6.326254,0,21,14.031156,(22-19)
6.326755,0,21,14.021131,(22-19)
6.354533,0,21,13.743353,(22-19)
6.357391,0,15,27.157538,(17-14)
6.357391,0,15,27.157538,(17-14)
6.365586,0,15,27.485316,(17-14)
6.368414,0,25,35.675178,(15-13)
6.384829,0,12,44.051588,(4-4)
6.393364,0,15,28.318649,(16-13)
6.413857,0,12,45.212700,(11-10)
6.415364,0,15,28.758649,(16-13)
6.418409,0,15,28.819566,(16-13)
6.424361,0,12,45.652700,(11-10)
6.435040,0,12,46.140770,(10-8)
6.438843,0,12,46.324491,(9-9)
6.441027,0,28,45.262700,(5-4)
6.443977,0,12,46.580770,(9-9)
6.446187,0,15,29.097344,(16-13)
6.447545,0,12,46.764491,(9-9)
6.457694,0,28,45.212700,(4-3)
6.481593,0,28,44.966492,(4-3)
6.493202,0,28,44.772700,(4-3)
6.502582,0,25,30.308455,(15-13)
6.509869,0,30,62.958626,(13-7)
6.524968,0,12,51.879366,(9-9)
6.531609,0,25,29.147344,(218-171)
6.541423,0,25,28.754624,(216-14)
6.542609,0,25,28.707167,(216-14)
6.552139,0,28,43.040477,(4-3)
6.552322,0,25,28.318649,(17-15)
6.552423,0,25,28.314624,(17-15)
6.559276,0,15,29.097344,(16-13)
6.563322,0,25,27.878649,(17-15)
6.575943,0,15,29.147344,(15-2)
6.611451,0,15,29.587344,(15-2)
6.612424,0,12,58.875796,(9-9)
6.630844,0,28,39.892266,(4-3)
6.630844,0,28,39.892266,(4-3)
6.639038,0,28,39.564488,(4-3)
6.666816,0,28,38.731155,(3-1)
6.670387,0,15,31.319566,(15-2)
6.688816,0,28,38.291155,(3-1)
6.692630,0,28,38.214875,(1-2)
6.694615,0,28,38.175178,(1-2)
6.700080,0,25,22.408323,(17-15)
6.708275,0,25,22.080545,(17-15)
6.722393,0,28,37.897400,(1-2)
6.723535,0,12,63.320241,(9-9)
6.732091,0,30,54.069737,(13-7)
6.736053,0,25,21.247212,(18-16)
6.758053,0,25,20.807212,(18-16)
6.762536,0,25,20.717536,(18-16)
6.786624,0,30,49.707144,(13-7)
6.790314,0,25,20.439758,(18-16)
6.804555,0,15,36.686289,(15-2)
6.804555,0,15,36.686289,(15-2)
6.833583,0,15,37.847400,(2-3)
6.844583,0,15,38.285635,(2-3)
6.845109,0,30,46.259713,(7-6)
6.846759,0,30,46.198155,(6-5)
6.855766,0,15,38.731155,(4-4)
6.858400,0,30,45.819713,(6-5)
6.860637,0,30,45.758155,(6-5)
6.861250,0,28,37.897400,(1-2)
6.866766,0,15,39.171155,(4-4)
6.875066,0,31,62.958626,(13-7)
6.877749,0,30,45.406492,(5-4)
6.877916,0,28,37.847400,(15-13)
6.887340,0,28,37.774876,(15-13)
6.897735,0,30,45.262700,(5-4)
6.913425,0,28,37.407400,(15-13)
6.972361,0,28,35.675178,(15-13)
6.988777,0,15,44.051588,(4-4)
7.017804,0,15,45.212700,(11-10)
7.028308,0,15,45.652700,(11-10)
7.038987,0,15,46.140770,(10-8)
7.042790,0,15,46.324491,(9-9)
7.044975,0,30,45.262700,(5-4)
7.047924,0,15,46.580770,(9-9)
7.051492,0,15,46.764491,(9-9)
7.061641,0,30,45.212700,(4-3)
7.085541,0,30,44.966492,(4-3)
7.097150,0,30,44.772700,(4-3)
7.106529,0,28,30.308455,(15-13)
7.106529,0,28,30.308455,(15-13)
7.113816,0,31,62.958626,(13-7)
7.114723,0,28,29.980677,(15-13)
7.128916,0,15,51.879366,(9-9)
7.142501,0,28,29.147344,(16-14)
7.156086,0,30,43.040477,(4-3)
7.164501,0,28,28.707344,(16-14)
7.167547,0,28,28.646427,(16-14)
7.195325,0,28,28.368649,(16-14)
7.216371,0,15,58.875796,(9-9)
7.234791,0,30,39.892266,(4-3)
7.242986,0,30,39.564488,(4-3)
7.270763,0,30,38.731155,(3-1)
7.292763,0,30,38.291155,(3-1)
7.296577,0,30,38.214875,(1-2)
7.298562,0,30,38.175178,(1-2)
7.326340,0,30,37.897400,(1-2)
7.327482,0,15,63.320241,(9-9)
7.336038,0,31,54.069737,(13-7)
7.390571,0,31,49.707144,(13-7)
7.449056,0,31,46.259713,(7-6)
7.450707,0,31,46.198155,(6-5)
7.462347,0,31,45.819713,(6-5)
7.464584,0,31,45.758155,(6-5)
7.479013,0,32,62.958626,(13-7)
7.481696,0,31,45.406492,(5-4)
7.501682,0,31,45.262700,(5-4)
8.327482,0,19,4.178189,(25-21)
8.327482,1,18,18.128784,(30-24)
8.327482,0,21,13.743353,(22-19)
8.327482,1,20,19.723581,(35-28)
8.327482,0,25,20.439758,(18-16)
8.327482,1,22,29.185737,(158-119)
8.327482,1,24,12.866108,(172-131)
8.327482,0,28,28.368649,(16-14)
8.327482,0,30,37.897400,(1-2)
8.327482,0,31,45.262700,(5-4)
8.327482,0,32,62.958626,(13-7)
