iteration,deadlock_found,deadlock_time,new_constraints,constraint_details,total_constraints,trains_completed,trains_per_hr,avg_wait_time,avg_spawn_delay,sim_run_time,pruning_details
0,1,13.000000,1,dl_4000(4),4001,0,0.000000,0.000000,0.000000,0.012719,
1,1,13.000000,1,dl_4001(4),4002,0,0.000000,0.000000,0.000000,0.012925,
2,1,13.000000,1,dl_4002(3),4003,0,0.000000,0.000000,0.000000,0.013048,
3,1,13.000000,1,dl_4003(4),4004,0,0.000000,0.000000,0.000000,0.012885,
4,1,13.000000,1,dl_4004(4),4005,0,0.000000,0.000000,0.000000,0.011967,
5,1,13.000000,1,dl_4005(3),4006,0,0.000000,0.000000,0.000000,0.018191,
6,1,13.000000,1,dl_4006(3),4007,0,0.000000,0.000000,0.000000,0.024076,
7,1,13.000000,1,dl_4007(3),4008,0,0.000000,0.000000,0.000000,0.025997,
8,1,13.000000,1,dl_4008(2),4009,0,0.000000,0.000000,0.000000,0.024702,
9,1,13.000000,1,dl_4009(4),4010,0,0.000000,0.000000,0.000000,0.019821,
10,1,13.000000,1,dl_4010(4),4011,0,0.000000,0.000000,0.000000,0.018131,
11,1,13.000000,1,dl_4011(3),4012,0,0.000000,0.000000,0.000000,0.012722,
12,1,13.000000,1,dl_4012(4),4013,0,0.000000,0.000000,0.000000,0.013432,
13,1,13.000000,1,dl_4013(4),4014,0,0.000000,0.000000,0.000000,0.012181,
14,1,13.000000,1,dl_4014(3),4015,0,0.000000,0.000000,0.000000,0.021700,
15,1,13.000000,1,dl_4015(3),4016,0,0.000000,0.000000,0.000000,0.019985,
16,1,13.000000,1,dl_4016(3),4017,0,0.000000,0.000000,0.000000,0.020566,
17,1,13.000000,1,dl_4017(2),4018,0,0.000000,0.000000,0.000000,0.014770,
18,1,17.000000,1,dl_4018(4),4019,0,0.000000,0.000000,0.000000,0.019744,
19,1,17.000000,1,dl_4019(4),4020,0,0.000000,0.000000,0.000000,0.019806,
20,1,17.000000,1,dl_4020(3),4021,0,0.000000,0.000000,0.000000,0.042656,
21,1,17.000000,1,dl_4021(4),4022,0,0.000000,0.000000,0.000000,0.028406,
22,1,17.000000,1,dl_4022(4),4023,0,0.000000,0.000000,0.000000,0.018823,
23,1,17.000000,1,dl_4023(3),4024,0,0.000000,0.000000,0.000000,0.028036,
24,1,17.000000,1,dl_4024(4),4025,0,0.000000,0.000000,0.000000,0.026065,
25,1,17.000000,1,dl_4025(4),4026,0,0.000000,0.000000,0.000000,0.031360,
26,1,17.000000,1,dl_4026(3),4027,0,0.000000,0.000000,0.000000,0.023073,
27,1,17.000000,1,dl_4027(4),4028,0,0.000000,0.000000,0.000000,0.028710,
28,1,17.000000,1,dl_4028(4),4029,0,0.000000,0.000000,0.000000,0.018184,
29,1,17.000000,1,dl_4029(3),4030,0,0.000000,0.000000,0.000000,0.020921,
30,1,17.000000,1,dl_4030(3),4031,0,0.000000,0.000000,0.000000,0.021311,
31,1,17.000000,1,dl_4031(3),4032,0,0.000000,0.000000,0.000000,0.032354,
32,1,17.000000,1,dl_4032(2),4033,0,0.000000,0.000000,0.000000,0.018634,
33,1,17.000000,1,dl_4033(3),4034,0,0.000000,0.000000,0.000000,0.027508,
34,1,17.000000,1,dl_4034(3),4035,0,0.000000,0.000000,0.000000,0.019725,
35,1,17.000000,1,dl_4035(2),4036,0,0.000000,0.000000,0.000000,0.021272,
36,1,17.000000,1,dl_4036(4),4037,0,0.000000,0.000000,0.000000,0.021414,
37,1,17.000000,1,dl_4037(4),4038,0,0.000000,0.000000,0.000000,0.030225,
38,1,17.000000,1,dl_4038(3),4039,0,0.000000,0.000000,0.000000,0.020414,
39,1,17.000000,1,dl_4039(4),4040,0,0.000000,0.000000,0.000000,0.021960,
40,1,17.000000,1,dl_4040(4),4041,0,0.000000,0.000000,0.000000,0.021525,
41,1,17.000000,1,dl_4041(3),4042,0,0.000000,0.000000,0.000000,0.025079,
42,1,17.000000,1,dl_4042(3),4043,0,0.000000,0.000000,0.000000,0.024590,
43,1,17.000000,1,dl_4043(3),4044,0,0.000000,0.000000,0.000000,0.021054,
44,1,17.000000,1,dl_4044(2),4045,0,0.000000,0.000000,0.000000,0.022064,
45,1,17.000000,1,dl_4045(4),4046,0,0.000000,0.000000,0.000000,0.035754,
46,1,17.000000,1,dl_4046(4),4047,0,0.000000,0.000000,0.000000,0.022772,
47,1,17.000000,1,dl_4047(4),4048,0,0.000000,0.000000,0.000000,0.020372,
48,1,17.000000,1,dl_4048(4),4049,0,0.000000,0.000000,0.000000,0.020905,
49,1,17.000000,1,dl_4049(4),4050,0,0.000000,0.000000,0.000000,0.024533,
50,1,17.000000,1,dl_4050(3),4051,0,0.000000,0.000000,0.000000,0.024152,
51,1,17.000000,1,dl_4051(4),4052,0,0.000000,0.000000,0.000000,0.023363,
52,1,17.000000,1,dl_4052(4),4053,0,0.000000,0.000000,0.000000,0.027075,
53,1,17.000000,1,dl_4053(4),4054,0,0.000000,0.000000,0.000000,0.029860,
54,1,17.000000,1,dl_4054(4),4055,0,0.000000,0.000000,0.000000,0.026286,
55,1,17.000000,1,dl_4055(4),4056,0,0.000000,0.000000,0.000000,0.023798,
56,1,17.000000,1,dl_4056(3),4057,0,0.000000,0.000000,0.000000,0.031438,
57,1,17.000000,1,dl_4057(4),4058,0,0.000000,0.000000,0.000000,0.029011,
58,1,17.000000,1,dl_4058(4),4059,0,0.000000,0.000000,0.000000,0.021245,
59,1,17.000000,1,dl_4059(4),4060,0,0.000000,0.000000,0.000000,0.020582,
60,1,17.000000,1,dl_4060(4),4061,0,0.000000,0.000000,0.000000,0.020502,
61,1,17.000000,1,dl_4061(4),4062,0,0.000000,0.000000,0.000000,0.021094,
62,1,17.000000,1,dl_4062(3),4063,0,0.000000,0.000000,0.000000,0.019596,
63,1,17.000000,1,dl_4063(4),4064,0,0.000000,0.000000,0.000000,0.020676,
64,1,17.000000,1,dl_4064(4),4065,0,0.000000,0.000000,0.000000,0.019044,
65,1,17.000000,1,dl_4065(4),4066,0,0.000000,0.000000,0.000000,0.020791,
66,1,17.000000,1,dl_4066(4),4067,0,0.000000,0.000000,0.000000,0.016511,
67,1,17.000000,1,dl_4067(4),4068,0,0.000000,0.000000,0.000000,0.015237,
68,1,17.000000,1,dl_4068(3),4069,0,0.000000,0.000000,0.000000,0.016362,
69,1,17.000000,1,dl_4069(4),4070,0,0.000000,0.000000,0.000000,0.016238,
70,1,17.000000,1,dl_4070(4),4071,0,0.000000,0.000000,0.000000,0.018231,
71,1,17.000000,1,dl_4071(4),4072,0,0.000000,0.000000,0.000000,0.034576,
72,1,17.000000,1,dl_4072(4),4073,0,0.000000,0.000000,0.000000,0.020378,
73,1,17.000000,1,dl_4073(4),4074,0,0.000000,0.000000,0.000000,0.018560,
74,1,17.000000,1,dl_4074(4),4075,0,0.000000,0.000000,0.000000,0.025199,
75,1,17.000000,1,dl_4075(4),4076,0,0.000000,0.000000,0.000000,0.047553,
76,1,17.000000,1,dl_4076(4),4077,0,0.000000,0.000000,0.000000,0.046698,
77,1,17.000000,1,dl_4077(4),4078,0,0.000000,0.000000,0.000000,0.034411,
78,1,17.000000,1,dl_4078(3),4079,0,0.000000,0.000000,0.000000,0.045965,
79,1,17.000000,1,dl_4079(4),4080,0,0.000000,0.000000,0.000000,0.050215,
80,1,17.000000,1,dl_4080(3),4081,0,0.000000,0.000000,0.000000,0.061476,
81,1,17.000000,1,dl_4081(4),4082,0,0.000000,0.000000,0.000000,0.041663,5>3[-T63|T62]
82,1,17.000000,1,dl_4082(4),4083,0,0.000000,0.000000,0.000000,0.071166,5>3[-T63|T62]
83,1,17.000000,1,dl_4083(6),4084,0,0.000000,0.000000,0.000000,0.051743,
84,1,17.000000,1,dl_4084(5),4085,0,0.000000,0.000000,0.000000,0.070471,
85,1,17.000000,1,dl_4085(3),4086,0,0.000000,0.000000,0.000000,0.048568,
86,1,17.000000,1,dl_4086(4),4087,0,0.000000,0.000000,0.000000,0.056120,
87,1,17.000000,1,dl_4087(3),4088,0,0.000000,0.000000,0.000000,0.058480,
88,1,17.000000,1,dl_4088(6),4089,0,0.000000,0.000000,0.000000,0.056022,
89,1,17.000000,1,dl_4089(5),4090,0,0.000000,0.000000,0.000000,0.066836,
90,1,17.000000,1,dl_4090(4),4091,0,0.000000,0.000000,0.000000,0.052481,
91,1,17.000000,1,dl_4091(3),4092,0,0.000000,0.000000,0.000000,0.054834,
92,1,17.000000,1,dl_4092(6),4093,0,0.000000,0.000000,0.000000,0.054655,
93,1,17.000000,1,dl_4093(5),4094,0,0.000000,0.000000,0.000000,0.061131,
94,1,17.000000,1,dl_4094(6),4095,0,0.000000,0.000000,0.000000,0.053116,
95,1,17.000000,1,dl_4095(5),4096,0,0.000000,0.000000,0.000000,0.071718,
96,1,17.000000,1,dl_4096(6),4097,0,0.000000,0.000000,0.000000,0.046474,
97,1,17.000000,1,dl_4097(5),4098,0,0.000000,0.000000,0.000000,0.055906,
98,1,17.000000,1,dl_4098(6),4099,0,0.000000,0.000000,0.000000,0.053179,
99,1,17.000000,1,dl_4099(5),4100,0,0.000000,0.000000,0.000000,0.037610,
100,1,17.000000,1,dl_4100(4),4101,0,0.000000,0.000000,0.000000,0.034176,5>3[-T63|T62]
101,1,17.000000,1,dl_4101(4),4102,0,0.000000,0.000000,0.000000,0.058122,5>3[-T63|T62]
102,1,17.000000,1,dl_4102(6),4103,0,0.000000,0.000000,0.000000,0.049685,
103,1,17.000000,1,dl_4103(5),4104,0,0.000000,0.000000,0.000000,0.070906,5>4[-T64]
104,1,17.000000,1,dl_4104(6),4105,0,0.000000,0.000000,0.000000,0.084416,
105,1,17.000000,1,dl_4105(5),4106,0,0.000000,0.000000,0.000000,0.066331,5>4[-T64]
106,1,17.000000,1,dl_4106(6),4107,0,0.000000,0.000000,0.000000,0.067780,
107,1,17.000000,1,dl_4107(5),4108,0,0.000000,0.000000,0.000000,0.067106,5>4[-T64]
108,1,17.000000,1,dl_4108(6),4109,0,0.000000,0.000000,0.000000,0.073546,
109,1,17.000000,1,dl_4109(5),4110,0,0.000000,0.000000,0.000000,0.056927,5>4[-T64]
110,1,17.000000,1,dl_4110(6),4111,0,0.000000,0.000000,0.000000,0.072240,
111,1,17.000000,1,dl_4111(5),4112,0,0.000000,0.000000,0.000000,0.053362,5>4[-T64]
112,1,17.000000,1,dl_4112(6),4113,0,0.000000,0.000000,0.000000,0.069463,
113,1,17.000000,1,dl_4113(5),4114,0,0.000000,0.000000,0.000000,0.069471,5>4[-T64]
114,1,17.000000,1,dl_4114(4),4115,0,0.000000,0.000000,0.000000,0.067633,5>4[-T63]
115,1,17.000000,1,dl_4115(4),4116,0,0.000000,0.000000,0.000000,0.050825,5>4[-T63]
116,1,17.000000,1,dl_4116(5),4117,0,0.000000,0.000000,0.000000,0.061675,
117,1,17.000000,1,dl_4117(4),4118,0,0.000000,0.000000,0.000000,0.062022,5>4[-T64]
118,1,17.000000,1,dl_4118(5),4119,0,0.000000,0.000000,0.000000,0.066820,
119,1,17.000000,1,dl_4119(4),4120,0,0.000000,0.000000,0.000000,0.058471,5>4[-T64]
120,1,17.000000,1,dl_4120(5),4121,0,0.000000,0.000000,0.000000,0.056523,
121,1,17.000000,1,dl_4121(4),4122,0,0.000000,0.000000,0.000000,0.053240,5>4[-T64]
122,1,17.000000,1,dl_4122(4),4123,0,0.000000,0.000000,0.000000,0.048748,5>4[-T63]
123,1,17.000000,1,dl_4123(4),4124,0,0.000000,0.000000,0.000000,0.042306,5>4[-T63]
124,1,17.000000,1,dl_4124(5),4125,0,0.000000,0.000000,0.000000,0.058712,
125,1,17.000000,1,dl_4125(4),4126,0,0.000000,0.000000,0.000000,0.070204,5>4[-T64]
126,1,17.000000,1,dl_4126(5),4127,0,0.000000,0.000000,0.000000,0.052368,
127,1,17.000000,1,dl_4127(4),4128,0,0.000000,0.000000,0.000000,0.064554,5>4[-T64]
128,1,17.000000,1,dl_4128(5),4129,0,0.000000,0.000000,0.000000,0.061005,
129,1,17.000000,1,dl_4129(4),4130,0,0.000000,0.000000,0.000000,0.042114,5>4[-T64]
130,1,17.000000,1,dl_4130(4),4131,0,0.000000,0.000000,0.000000,0.069018,5>4[-T63]
131,1,17.000000,1,dl_4131(4),4132,0,0.000000,0.000000,0.000000,0.075754,5>4[-T63]
132,1,17.000000,1,dl_4132(5),4133,0,0.000000,0.000000,0.000000,0.060726,
133,1,17.000000,1,dl_4133(4),4134,0,0.000000,0.000000,0.000000,0.061644,5>4[-T64]
134,1,17.000000,1,dl_4134(5),4135,0,0.000000,0.000000,0.000000,0.049531,
135,1,17.000000,1,dl_4135(4),4136,0,0.000000,0.000000,0.000000,0.063414,5>4[-T64]
136,1,17.000000,1,dl_4136(5),4137,0,0.000000,0.000000,0.000000,0.041485,
137,1,17.000000,1,dl_4137(4),4138,0,0.000000,0.000000,0.000000,0.065307,5>4[-T64]
138,1,17.000000,1,dl_4138(3),4139,0,0.000000,0.000000,0.000000,0.052539,4>3[-T63]
139,1,17.000000,1,dl_4139(2),4140,0,0.000000,0.000000,0.000000,0.058980,3>2[-T63]
140,1,17.000000,1,dl_4140(4),4141,0,0.000000,0.000000,0.000000,0.053670,
141,1,17.000000,1,dl_4141(3),4142,0,0.000000,0.000000,0.000000,0.065881,
142,1,17.000000,1,dl_4142(4),4143,0,0.000000,0.000000,0.000000,0.056816,
143,1,17.000000,1,dl_4143(3),4144,0,0.000000,0.000000,0.000000,0.058134,3>2[-T64]
144,1,17.000000,1,dl_4144(4),4145,0,0.000000,0.000000,0.000000,0.056147,
145,1,17.000000,1,dl_4145(3),4146,0,0.000000,0.000000,0.000000,0.065178,4>3[-T64]
146,1,17.000000,1,dl_4146(4),4147,0,0.000000,0.000000,0.000000,0.055715,
147,1,17.000000,1,dl_4147(3),4148,0,0.000000,0.000000,0.000000,0.064043,4>3[-T64]
148,1,17.000000,1,dl_4148(4),4149,0,0.000000,0.000000,0.000000,0.067392,
149,1,17.000000,1,dl_4149(3),4150,0,0.000000,0.000000,0.000000,0.053700,4>3[-T64]
150,1,17.000000,1,dl_4150(4),4151,0,0.000000,0.000000,0.000000,0.045246,
151,1,17.000000,1,dl_4151(4),4152,0,0.000000,0.000000,0.000000,0.040372,
152,1,17.000000,1,dl_4152(6),4153,0,0.000000,0.000000,0.000000,0.052819,
153,1,17.000000,1,dl_4153(4),4154,0,0.000000,0.000000,0.000000,0.049550,
154,1,17.000000,1,dl_4154(4),4155,0,0.000000,0.000000,0.000000,0.047110,
155,1,17.000000,1,dl_4155(6),4156,0,0.000000,0.000000,0.000000,0.062984,
156,1,17.000000,1,dl_4156(4),4157,0,0.000000,0.000000,0.000000,0.093320,
157,1,17.000000,1,dl_4157(6),4158,0,0.000000,0.000000,0.000000,0.068900,
158,1,17.000000,1,dl_4158(6),4159,0,0.000000,0.000000,0.000000,0.041118,
159,1,17.000000,1,dl_4159(6),4160,0,0.000000,0.000000,0.000000,0.041009,
160,1,17.000000,1,dl_4160(6),4161,0,0.000000,0.000000,0.000000,0.038493,
161,1,17.000000,1,dl_4161(6),4162,0,0.000000,0.000000,0.000000,0.055625,
162,1,17.000000,1,dl_4162(6),4163,0,0.000000,0.000000,0.000000,0.031994,
163,1,17.000000,1,dl_4163(6),4164,0,0.000000,0.000000,0.000000,0.034117,
164,1,17.000000,1,dl_4164(6),4165,0,0.000000,0.000000,0.000000,0.038537,
165,1,17.000000,1,dl_4165(6),4166,0,0.000000,0.000000,0.000000,0.037499,
166,1,17.000000,1,dl_4166(6),4167,0,0.000000,0.000000,0.000000,0.034061,
167,1,17.000000,1,dl_4167(5),4168,0,0.000000,0.000000,0.000000,0.034835,
168,1,17.000000,1,dl_4168(5),4169,0,0.000000,0.000000,0.000000,0.028906,
169,1,17.000000,1,dl_4169(5),4170,0,0.000000,0.000000,0.000000,0.013175,
170,1,17.000000,1,dl_4170(5),4171,0,0.000000,0.000000,0.000000,0.024177,
171,1,17.000000,1,dl_4171(5),4172,0,0.000000,0.000000,0.000000,0.032268,
172,1,17.000000,1,dl_4172(5),4173,0,0.000000,0.000000,0.000000,0.033473,
173,1,17.000000,1,dl_4173(5),4174,0,0.000000,0.000000,0.000000,0.040327,
174,1,17.000000,1,dl_4174(5),4175,0,0.000000,0.000000,0.000000,0.042658,
175,1,17.000000,1,dl_4175(5),4176,0,0.000000,0.000000,0.000000,0.069163,
176,1,17.000000,1,dl_4176(3),4177,0,0.000000,0.000000,0.000000,0.039043,3>2[-T63]
177,1,17.000000,1,dl_4177(4),4178,0,0.000000,0.000000,0.000000,0.031529,
178,1,17.000000,1,dl_4178(4),4179,0,0.000000,0.000000,0.000000,0.035056,
179,1,17.000000,1,dl_4179(4),4180,0,0.000000,0.000000,0.000000,0.034415,
180,1,17.000000,1,dl_4180(4),4181,0,0.000000,0.000000,0.000000,0.035838,
181,1,17.000000,1,dl_4181(4),4182,0,0.000000,0.000000,0.000000,0.034739,
182,1,17.000000,1,dl_4182(4),4183,0,0.000000,0.000000,0.000000,0.029659,
183,1,17.000000,1,dl_4183(4),4184,0,0.000000,0.000000,0.000000,0.038673,
184,1,17.000000,1,dl_4184(6),4185,0,0.000000,0.000000,0.000000,0.041330,
185,1,17.000000,1,dl_4185(4),4186,0,0.000000,0.000000,0.000000,0.033480,
186,1,17.000000,1,dl_4186(4),4187,0,0.000000,0.000000,0.000000,0.030531,
187,1,17.000000,1,dl_4187(6),4188,0,0.000000,0.000000,0.000000,0.031351,
188,1,17.000000,1,dl_4188(4),4189,0,0.000000,0.000000,0.000000,0.020061,
189,1,17.000000,1,dl_4189(6),4190,0,0.000000,0.000000,0.000000,0.050347,
190,1,17.000000,1,dl_4190(6),4191,0,0.000000,0.000000,0.000000,0.054793,
191,1,17.000000,1,dl_4191(6),4192,0,0.000000,0.000000,0.000000,0.061828,
192,1,17.000000,1,dl_4192(6),4193,0,0.000000,0.000000,0.000000,0.066199,
193,1,17.000000,1,dl_4193(6),4194,0,0.000000,0.000000,0.000000,0.045501,
194,1,17.000000,1,dl_4194(6),4195,0,0.000000,0.000000,0.000000,0.049559,
195,1,17.000000,1,dl_4195(6),4196,0,0.000000,0.000000,0.000000,0.034298,
196,1,17.000000,1,dl_4196(6),4197,0,0.000000,0.000000,0.000000,0.036258,
197,1,17.000000,1,dl_4197(6),4198,0,0.000000,0.000000,0.000000,0.035486,
198,1,17.000000,1,dl_4198(6),4199,0,0.000000,0.000000,0.000000,0.038957,
199,1,17.000000,1,dl_4199(5),4200,0,0.000000,0.000000,0.000000,0.034269,
200,1,17.000000,1,dl_4200(5),4201,0,0.000000,0.000000,0.000000,0.036741,
201,1,17.000000,1,dl_4201(5),4202,0,0.000000,0.000000,0.000000,0.048074,
202,1,17.000000,1,dl_4202(5),4203,0,0.000000,0.000000,0.000000,0.037326,
203,1,17.000000,1,dl_4203(5),4204,0,0.000000,0.000000,0.000000,0.037454,
204,1,17.000000,1,dl_4204(5),4205,0,0.000000,0.000000,0.000000,0.039098,
205,1,17.000000,1,dl_4205(5),4206,0,0.000000,0.000000,0.000000,0.038007,
206,1,17.000000,1,dl_4206(5),4207,0,0.000000,0.000000,0.000000,0.036291,
207,1,17.000000,1,dl_4207(5),4208,0,0.000000,0.000000,0.000000,0.037771,
208,1,17.000000,1,dl_4208(3),4209,0,0.000000,0.000000,0.000000,0.038010,3>2[-T63]
209,1,17.000000,1,dl_4209(4),4210,0,0.000000,0.000000,0.000000,0.039692,
210,1,17.000000,1,dl_4210(4),4211,0,0.000000,0.000000,0.000000,0.048299,
211,1,17.000000,1,dl_4211(4),4212,0,0.000000,0.000000,0.000000,0.045228,
212,1,17.000000,1,dl_4212(4),4213,0,0.000000,0.000000,0.000000,0.041584,
213,1,17.000000,1,dl_4213(4),4214,0,0.000000,0.000000,0.000000,0.034152,
214,1,17.000000,1,dl_4214(4),4215,0,0.000000,0.000000,0.000000,0.035968,
215,1,17.000000,1,dl_4215(4),4216,0,0.000000,0.000000,0.000000,0.038426,
216,1,17.000000,1,dl_4216(4),4217,0,0.000000,0.000000,0.000000,0.039866,
217,1,17.000000,1,dl_4217(3),4218,0,0.000000,0.000000,0.000000,0.038869,3>2[-T64]
218,1,17.000000,1,dl_4218(4),4219,0,0.000000,0.000000,0.000000,0.037055,
219,1,17.000000,1,dl_4219(4),4220,0,0.000000,0.000000,0.000000,0.041608,
220,1,17.000000,1,dl_4220(4),4221,0,0.000000,0.000000,0.000000,0.035954,
221,1,17.000000,1,dl_4221(3),4222,0,0.000000,0.000000,0.000000,0.041714,4>3[-T64]
222,1,17.000000,1,dl_4222(6),4223,0,0.000000,0.000000,0.000000,0.038240,
223,1,17.000000,1,dl_4223(6),4224,0,0.000000,0.000000,0.000000,0.037450,
224,1,17.000000,1,dl_4224(6),4225,0,0.000000,0.000000,0.000000,0.045334,
225,1,17.000000,1,dl_4225(5),4226,0,0.000000,0.000000,0.000000,0.041364,5>4[-T64]
226,1,17.000000,1,dl_4226(4),4227,0,0.000000,0.000000,0.000000,0.042842,
227,1,17.000000,1,dl_4227(4),4228,0,0.000000,0.000000,0.000000,0.044456,
228,1,17.000000,1,dl_4228(4),4229,0,0.000000,0.000000,0.000000,0.050255,
229,1,17.000000,1,dl_4229(3),4230,0,0.000000,0.000000,0.000000,0.040540,3>2[-T64]
230,1,17.000000,1,dl_4230(4),4231,0,0.000000,0.000000,0.000000,0.038573,
231,1,17.000000,1,dl_4231(4),4232,0,0.000000,0.000000,0.000000,0.037374,
232,1,17.000000,1,dl_4232(4),4233,0,0.000000,0.000000,0.000000,0.037938,
233,1,17.000000,1,dl_4233(3),4234,0,0.000000,0.000000,0.000000,0.041402,4>3[-T64]
234,1,17.000000,1,dl_4234(6),4235,0,0.000000,0.000000,0.000000,0.042626,
235,1,17.000000,1,dl_4235(6),4236,0,0.000000,0.000000,0.000000,0.047346,
236,1,17.000000,1,dl_4236(6),4237,0,0.000000,0.000000,0.000000,0.037980,
237,1,17.000000,1,dl_4237(5),4238,0,0.000000,0.000000,0.000000,0.038371,5>4[-T64]
238,1,17.000000,1,dl_4238(4),4239,0,0.000000,0.000000,0.000000,0.038923,
239,1,17.000000,1,dl_4239(4),4240,0,0.000000,0.000000,0.000000,0.037812,
240,1,17.000000,1,dl_4240(4),4241,0,0.000000,0.000000,0.000000,0.038894,
241,1,17.000000,1,dl_4241(3),4242,0,0.000000,0.000000,0.000000,0.042131,4>3[-T64]
242,1,17.000000,1,dl_4242(6),4243,0,0.000000,0.000000,0.000000,0.037676,
243,1,17.000000,1,dl_4243(6),4244,0,0.000000,0.000000,0.000000,0.040168,
244,1,17.000000,1,dl_4244(6),4245,0,0.000000,0.000000,0.000000,0.043533,
245,1,17.000000,1,dl_4245(5),4246,0,0.000000,0.000000,0.000000,0.039762,5>4[-T64]
246,1,17.000000,1,dl_4246(6),4247,0,0.000000,0.000000,0.000000,0.043027,
247,1,17.000000,1,dl_4247(6),4248,0,0.000000,0.000000,0.000000,0.042101,
248,1,17.000000,1,dl_4248(6),4249,0,0.000000,0.000000,0.000000,0.040895,
249,1,17.000000,1,dl_4249(5),4250,0,0.000000,0.000000,0.000000,0.034679,5>4[-T64]
250,1,17.000000,1,dl_4250(6),4251,0,0.000000,0.000000,0.000000,0.033682,
251,1,17.000000,1,dl_4251(6),4252,0,0.000000,0.000000,0.000000,0.029733,
252,1,17.000000,1,dl_4252(6),4253,0,0.000000,0.000000,0.000000,0.035866,
253,1,17.000000,1,dl_4253(5),4254,0,0.000000,0.000000,0.000000,0.037497,5>4[-T64]
254,1,17.000000,1,dl_4254(6),4255,0,0.000000,0.000000,0.000000,0.037870,
255,1,17.000000,1,dl_4255(6),4256,0,0.000000,0.000000,0.000000,0.034986,
256,1,17.000000,1,dl_4256(6),4257,0,0.000000,0.000000,0.000000,0.037398,
257,1,17.000000,1,dl_4257(5),4258,0,0.000000,0.000000,0.000000,0.037201,5>4[-T64]
258,1,17.000000,1,dl_4258(6),4259,0,0.000000,0.000000,0.000000,0.037698,
259,1,17.000000,1,dl_4259(6),4260,0,0.000000,0.000000,0.000000,0.036042,
260,1,17.000000,1,dl_4260(6),4261,0,0.000000,0.000000,0.000000,0.040688,
261,1,17.000000,1,dl_4261(5),4262,0,0.000000,0.000000,0.000000,0.037795,5>4[-T64]
262,1,17.000000,1,dl_4262(6),4263,0,0.000000,0.000000,0.000000,0.034632,
263,1,17.000000,1,dl_4263(6),4264,0,0.000000,0.000000,0.000000,0.036959,
264,1,17.000000,1,dl_4264(6),4265,0,0.000000,0.000000,0.000000,0.042522,
265,1,17.000000,1,dl_4265(5),4266,0,0.000000,0.000000,0.000000,0.046463,5>4[-T64]
266,1,17.000000,1,dl_4266(6),4267,0,0.000000,0.000000,0.000000,0.042931,
267,1,17.000000,1,dl_4267(6),4268,0,0.000000,0.000000,0.000000,0.041571,
268,1,17.000000,1,dl_4268(6),4269,0,0.000000,0.000000,0.000000,0.038190,
269,1,17.000000,1,dl_4269(5),4270,0,0.000000,0.000000,0.000000,0.041411,5>4[-T64]
270,1,17.000000,1,dl_4270(6),4271,0,0.000000,0.000000,0.000000,0.050926,
271,1,17.000000,1,dl_4271(6),4272,0,0.000000,0.000000,0.000000,0.038832,
272,1,17.000000,1,dl_4272(6),4273,0,0.000000,0.000000,0.000000,0.053097,
273,1,17.000000,1,dl_4273(5),4274,0,0.000000,0.000000,0.000000,0.040232,5>4[-T64]
274,1,17.000000,1,dl_4274(6),4275,0,0.000000,0.000000,0.000000,0.036971,
275,1,17.000000,1,dl_4275(6),4276,0,0.000000,0.000000,0.000000,0.039256,
276,1,17.000000,1,dl_4276(6),4277,0,0.000000,0.000000,0.000000,0.035669,
277,1,17.000000,1,dl_4277(5),4278,0,0.000000,0.000000,0.000000,0.032648,5>4[-T64]
278,1,17.000000,1,dl_4278(6),4279,0,0.000000,0.000000,0.000000,0.042605,
279,1,17.000000,1,dl_4279(6),4280,0,0.000000,0.000000,0.000000,0.049557,
280,1,17.000000,1,dl_4280(6),4281,0,0.000000,0.000000,0.000000,0.035904,
281,1,17.000000,1,dl_4281(5),4282,0,0.000000,0.000000,0.000000,0.036304,5>4[-T64]
282,1,17.000000,1,dl_4282(5),4283,0,0.000000,0.000000,0.000000,0.042895,
283,1,17.000000,1,dl_4283(5),4284,0,0.000000,0.000000,0.000000,0.043495,
284,1,17.000000,1,dl_4284(5),4285,0,0.000000,0.000000,0.000000,0.041874,
285,1,17.000000,1,dl_4285(4),4286,0,0.000000,0.000000,0.000000,0.034995,5>4[-T64]
286,1,17.000000,1,dl_4286(5),4287,0,0.000000,0.000000,0.000000,0.033648,
287,1,17.000000,1,dl_4287(5),4288,0,0.000000,0.000000,0.000000,0.031830,
288,1,17.000000,1,dl_4288(5),4289,0,0.000000,0.000000,0.000000,0.036724,
289,1,17.000000,1,dl_4289(4),4290,0,0.000000,0.000000,0.000000,0.037853,5>4[-T64]
290,1,17.000000,1,dl_4290(5),4291,0,0.000000,0.000000,0.000000,0.035077,
291,1,17.000000,1,dl_4291(5),4292,0,0.000000,0.000000,0.000000,0.040689,
292,1,17.000000,1,dl_4292(5),4293,0,0.000000,0.000000,0.000000,0.040340,
293,1,17.000000,1,dl_4293(4),4294,0,0.000000,0.000000,0.000000,0.040321,5>4[-T64]
294,1,17.000000,1,dl_4294(5),4295,0,0.000000,0.000000,0.000000,0.036229,
295,1,17.000000,1,dl_4295(5),4296,0,0.000000,0.000000,0.000000,0.032511,
296,1,17.000000,1,dl_4296(5),4297,0,0.000000,0.000000,0.000000,0.032097,
297,1,17.000000,1,dl_4297(4),4298,0,0.000000,0.000000,0.000000,0.038388,5>4[-T64]
298,1,17.000000,1,dl_4298(5),4299,0,0.000000,0.000000,0.000000,0.037510,
299,1,17.000000,1,dl_4299(5),4300,0,0.000000,0.000000,0.000000,0.037653,
300,1,17.000000,1,dl_4300(5),4301,0,0.000000,0.000000,0.000000,0.031844,
301,1,17.000000,1,dl_4301(4),4302,0,0.000000,0.000000,0.000000,0.039455,5>4[-T64]
302,1,17.000000,1,dl_4302(5),4303,0,0.000000,0.000000,0.000000,0.043494,
303,1,17.000000,1,dl_4303(5),4304,0,0.000000,0.000000,0.000000,0.038160,
304,1,17.000000,1,dl_4304(5),4305,0,0.000000,0.000000,0.000000,0.033235,
305,1,17.000000,1,dl_4305(4),4306,0,0.000000,0.000000,0.000000,0.033552,5>4[-T64]
306,1,17.000000,1,dl_4306(5),4307,0,0.000000,0.000000,0.000000,0.032939,
307,1,17.000000,1,dl_4307(5),4308,0,0.000000,0.000000,0.000000,0.034895,
308,1,17.000000,1,dl_4308(5),4309,0,0.000000,0.000000,0.000000,0.030660,
309,1,17.000000,1,dl_4309(4),4310,0,0.000000,0.000000,0.000000,0.031266,5>4[-T64]
310,1,17.000000,1,dl_4310(5),4311,0,0.000000,0.000000,0.000000,0.039760,
311,1,17.000000,1,dl_4311(5),4312,0,0.000000,0.000000,0.000000,0.052522,
312,1,17.000000,1,dl_4312(5),4313,0,0.000000,0.000000,0.000000,0.039216,
313,1,17.000000,1,dl_4313(4),4314,0,0.000000,0.000000,0.000000,0.042764,5>4[-T64]
314,1,17.000000,1,dl_4314(5),4315,0,0.000000,0.000000,0.000000,0.038155,
315,1,17.000000,1,dl_4315(5),4316,0,0.000000,0.000000,0.000000,0.046941,
316,1,17.000000,1,dl_4316(5),4317,0,0.000000,0.000000,0.000000,0.045876,
317,1,17.000000,1,dl_4317(4),4318,0,0.000000,0.000000,0.000000,0.045477,5>4[-T64]
318,1,17.000000,1,dl_4318(3),4319,0,0.000000,0.000000,0.000000,0.040079,4>3[-T63]
319,1,17.000000,1,dl_4319(3),4320,0,0.000000,0.000000,0.000000,0.045677,4>3[-T63]
320,1,17.000000,1,dl_4320(3),4321,0,0.000000,0.000000,0.000000,0.051837,4>3[-T63]
321,1,17.000000,1,dl_4321(2),4322,0,0.000000,0.000000,0.000000,0.043588,4>2[-T64|T63]
322,1,17.000000,1,dl_4322(4),4323,0,0.000000,0.000000,0.000000,0.040878,
323,1,17.000000,1,dl_4323(4),4324,0,0.000000,0.000000,0.000000,0.049672,
324,1,17.000000,1,dl_4324(4),4325,0,0.000000,0.000000,0.000000,0.066622,
325,1,17.000000,1,dl_4325(3),4326,0,0.000000,0.000000,0.000000,0.052468,3>2[-T64]
326,1,17.000000,1,dl_4326(4),4327,0,0.000000,0.000000,0.000000,0.044533,
327,1,17.000000,1,dl_4327(4),4328,0,0.000000,0.000000,0.000000,0.061965,
328,1,17.000000,1,dl_4328(4),4329,0,0.000000,0.000000,0.000000,0.045615,
329,1,17.000000,1,dl_4329(3),4330,0,0.000000,0.000000,0.000000,0.038833,3>2[-T64]
330,1,17.000000,1,dl_4330(4),4331,0,0.000000,0.000000,0.000000,0.044840,
331,1,17.000000,1,dl_4331(4),4332,0,0.000000,0.000000,0.000000,0.044389,
332,1,17.000000,1,dl_4332(4),4333,0,0.000000,0.000000,0.000000,0.041016,
333,1,17.000000,1,dl_4333(3),4334,0,0.000000,0.000000,0.000000,0.044057,4>3[-T64]
334,1,17.000000,1,dl_4334(4),4335,0,0.000000,0.000000,0.000000,0.035641,
335,1,17.000000,1,dl_4335(4),4336,0,0.000000,0.000000,0.000000,0.049989,
336,1,17.000000,1,dl_4336(4),4337,0,0.000000,0.000000,0.000000,0.050425,
337,1,17.000000,1,dl_4337(3),4338,0,0.000000,0.000000,0.000000,0.047079,4>3[-T64]
338,1,17.000000,1,dl_4338(4),4339,0,0.000000,0.000000,0.000000,0.038794,
339,1,17.000000,1,dl_4339(4),4340,0,0.000000,0.000000,0.000000,0.043645,
340,1,17.000000,1,dl_4340(4),4341,0,0.000000,0.000000,0.000000,0.043059,
341,1,17.000000,1,dl_4341(3),4342,0,0.000000,0.000000,0.000000,0.039054,4>3[-T64]
342,1,17.000000,1,dl_4342(3),4343,0,0.000000,0.000000,0.000000,0.033899,5>2[-T62|T70|T69]
343,1,17.000000,1,dl_4343(3),4344,0,0.000000,0.000000,0.000000,0.014118,5>2[-T62|T70|T69]
344,1,17.000000,1,dl_4344(3),4345,0,0.000000,0.000000,0.000000,0.013701,6>3[-T62|T70|T69]
345,1,17.000000,1,dl_4345(3),4346,0,0.000000,0.000000,0.000000,0.022227,6>3[-T62|T70|T69]
346,1,17.000000,1,dl_4346(3),4347,0,0.000000,0.000000,0.000000,0.035590,6>3[-T62|T70|T69]
347,1,17.000000,1,dl_4347(2),4348,0,0.000000,0.000000,0.000000,0.036010,5>2[-T62|T70|T69]
348,1,17.000000,1,dl_4348(3),4349,0,0.000000,0.000000,0.000000,0.033094,
349,1,17.000000,1,dl_4349(3),4350,0,0.000000,0.000000,0.000000,0.031551,
350,1,17.000000,1,dl_4350(3),4351,0,0.000000,0.000000,0.000000,0.030516,4>3[-T62]
351,1,17.000000,1,dl_4351(3),4352,0,0.000000,0.000000,0.000000,0.033183,4>3[-T62]
352,1,17.000000,1,dl_4352(3),4353,0,0.000000,0.000000,0.000000,0.035009,4>3[-T62]
353,1,17.000000,1,dl_4353(2),4354,0,0.000000,0.000000,0.000000,0.035455,4>2[-T62|T64]
354,1,17.000000,1,dl_4354(3),4355,0,0.000000,0.000000,0.000000,0.030989,3>2[-T62]
355,1,17.000000,1,dl_4355(3),4356,0,0.000000,0.000000,0.000000,0.035369,3>2[-T62]
356,1,17.000000,1,dl_4356(3),4357,0,0.000000,0.000000,0.000000,0.041994,4>3[-T62]
357,1,17.000000,1,dl_4357(3),4358,0,0.000000,0.000000,0.000000,0.040847,4>3[-T62]
358,1,17.000000,1,dl_4358(3),4359,0,0.000000,0.000000,0.000000,0.035893,4>3[-T62]
359,1,17.000000,1,dl_4359(2),4360,0,0.000000,0.000000,0.000000,0.031221,4>2[-T62|T64]
360,1,17.000000,1,dl_4360(4),4361,0,0.000000,0.000000,0.000000,0.033229,5>2[-T63|T62|T60]
361,1,17.000000,1,dl_4361(4),4362,0,0.000000,0.000000,0.000000,0.032408,5>2[-T63|T62|T60]
362,1,17.000000,1,dl_4362(4),4363,0,0.000000,0.000000,0.000000,0.031649,6>3[-T63|T62|T60]
363,1,17.000000,1,dl_4363(4),4364,0,0.000000,0.000000,0.000000,0.046220,5>3[-T62|T60]
364,1,17.000000,1,dl_4364(4),4365,0,0.000000,0.000000,0.000000,0.033756,5>3[-T62|T60]
365,1,17.000000,1,dl_4365(3),4366,0,0.000000,0.000000,0.000000,0.013618,5>2[-T63|T62|T60]
366,1,17.000000,1,dl_4366(4),4367,0,0.000000,0.000000,0.000000,0.019396,4>2[-T62|T60]
367,1,17.000000,1,dl_4367(4),4368,0,0.000000,0.000000,0.000000,0.039788,4>2[-T62|T60]
368,1,17.000000,1,dl_4368(4),4369,0,0.000000,0.000000,0.000000,0.035618,6>3[-T63|T62|T60]
369,1,17.000000,1,dl_4369(4),4370,0,0.000000,0.000000,0.000000,0.031033,6>3[-T63|T62|T60]
370,1,17.000000,1,dl_4370(4),4371,0,0.000000,0.000000,0.000000,0.029239,6>3[-T63|T62|T60]
371,1,17.000000,1,dl_4371(3),4372,0,0.000000,0.000000,0.000000,0.040302,6>2[-T63|T62|T60|T64]
372,1,17.000000,1,dl_4372(4),4373,0,0.000000,0.000000,0.000000,0.030899,5>2[-T63|T62|T60]
373,1,17.000000,1,dl_4373(4),4374,0,0.000000,0.000000,0.000000,0.033814,5>2[-T63|T62|T60]
374,1,17.000000,1,dl_4374(4),4375,0,0.000000,0.000000,0.000000,0.032256,6>3[-T63|T62|T60]
375,1,17.000000,1,dl_4375(4),4376,0,0.000000,0.000000,0.000000,0.029610,6>3[-T63|T62|T60]
376,1,17.000000,1,dl_4376(4),4377,0,0.000000,0.000000,0.000000,0.033002,6>3[-T63|T62|T60]
377,1,17.000000,1,dl_4377(3),4378,0,0.000000,0.000000,0.000000,0.048702,6>2[-T63|T62|T60|T64]
378,1,17.000000,1,dl_4378(4),4379,0,0.000000,0.000000,0.000000,0.041758,4>2[-T67|T65]
379,1,17.000000,1,dl_4379(4),4380,0,0.000000,0.000000,0.000000,0.029740,5>3[-T67|T65]
380,1,17.000000,1,dl_4380(6),4381,0,0.000000,0.000000,0.000000,0.013430,
381,1,17.000000,1,dl_4381(4),4382,0,0.000000,0.000000,0.000000,0.031960,4>2[-T67|T65]
382,1,17.000000,1,dl_4382(4),4383,0,0.000000,0.000000,0.000000,0.035864,5>3[-T67|T65]
383,1,17.000000,1,dl_4383(6),4384,0,0.000000,0.000000,0.000000,0.033154,
384,1,17.000000,1,dl_4384(4),4385,0,0.000000,0.000000,0.000000,0.029175,5>3[-T67|T65]
385,1,17.000000,1,dl_4385(6),4386,0,0.000000,0.000000,0.000000,0.032241,
386,1,17.000000,1,dl_4386(6),4387,0,0.000000,0.000000,0.000000,0.029564,
387,1,17.000000,1,dl_4387(6),4388,0,0.000000,0.000000,0.000000,0.031823,
388,1,17.000000,1,dl_4388(6),4389,0,0.000000,0.000000,0.000000,0.035427,
389,1,17.000000,1,dl_4389(6),4390,0,0.000000,0.000000,0.000000,0.032164,
390,1,17.000000,1,dl_4390(6),4391,0,0.000000,0.000000,0.000000,0.032489,
391,1,17.000000,1,dl_4391(6),4392,0,0.000000,0.000000,0.000000,0.030866,
392,1,17.000000,1,dl_4392(6),4393,0,0.000000,0.000000,0.000000,0.034600,
393,1,17.000000,1,dl_4393(6),4394,0,0.000000,0.000000,0.000000,0.034121,
394,1,17.000000,1,dl_4394(6),4395,0,0.000000,0.000000,0.000000,0.032152,
395,1,17.000000,1,dl_4395(5),4396,0,0.000000,0.000000,0.000000,0.036524,
396,1,17.000000,1,dl_4396(5),4397,0,0.000000,0.000000,0.000000,0.032144,
397,1,17.000000,1,dl_4397(5),4398,0,0.000000,0.000000,0.000000,0.045591,
398,1,17.000000,1,dl_4398(5),4399,0,0.000000,0.000000,0.000000,0.045531,
399,1,17.000000,1,dl_4399(5),4400,0,0.000000,0.000000,0.000000,0.049865,
400,1,17.000000,1,dl_4400(5),4401,0,0.000000,0.000000,0.000000,0.036263,
401,1,17.000000,1,dl_4401(5),4402,0,0.000000,0.000000,0.000000,0.038236,
402,1,17.000000,1,dl_4402(5),4403,0,0.000000,0.000000,0.000000,0.036478,
403,1,17.000000,1,dl_4403(5),4404,0,0.000000,0.000000,0.000000,0.039228,
404,1,17.000000,1,dl_4404(3),4405,0,0.000000,0.000000,0.000000,0.038902,5>2[-T67|T63|T65]
405,1,17.000000,1,dl_4405(4),4406,0,0.000000,0.000000,0.000000,0.037017,
406,1,17.000000,1,dl_4406(4),4407,0,0.000000,0.000000,0.000000,0.039836,
407,1,17.000000,1,dl_4407(4),4408,0,0.000000,0.000000,0.000000,0.046853,
408,1,17.000000,1,dl_4408(4),4409,0,0.000000,0.000000,0.000000,0.043114,
409,1,17.000000,1,dl_4409(4),4410,0,0.000000,0.000000,0.000000,0.047486,
410,1,17.000000,1,dl_4410(3),4411,0,0.000000,0.000000,0.000000,0.040585,3>2[-T62]
411,1,17.000000,1,dl_4411(4),4412,0,0.000000,0.000000,0.000000,0.033749,5>2[-T63|T62|T60]
412,1,17.000000,1,dl_4412(4),4413,0,0.000000,0.000000,0.000000,0.038673,4>2[-T67|T65]
413,1,17.000000,1,dl_4413(4),4414,0,0.000000,0.000000,0.000000,0.039067,5>3[-T67|T65]
414,1,17.000000,1,dl_4414(6),4415,0,0.000000,0.000000,0.000000,0.039379,
415,1,17.000000,1,dl_4415(4),4416,0,0.000000,0.000000,0.000000,0.051524,4>2[-T67|T65]
416,1,17.000000,1,dl_4416(4),4417,0,0.000000,0.000000,0.000000,0.040848,5>3[-T67|T65]
417,1,17.000000,1,dl_4417(6),4418,0,0.000000,0.000000,0.000000,0.042481,
418,1,17.000000,1,dl_4418(4),4419,0,0.000000,0.000000,0.000000,0.035324,5>3[-T67|T65]
419,1,17.000000,1,dl_4419(6),4420,0,0.000000,0.000000,0.000000,0.040410,
420,1,17.000000,1,dl_4420(6),4421,0,0.000000,0.000000,0.000000,0.040587,
421,1,17.000000,1,dl_4421(6),4422,0,0.000000,0.000000,0.000000,0.057591,
422,1,17.000000,1,dl_4422(6),4423,0,0.000000,0.000000,0.000000,0.049091,
423,1,17.000000,1,dl_4423(6),4424,0,0.000000,0.000000,0.000000,0.045605,
424,1,17.000000,1,dl_4424(6),4425,0,0.000000,0.000000,0.000000,0.054014,
425,1,17.000000,1,dl_4425(6),4426,0,0.000000,0.000000,0.000000,0.064162,
426,1,17.000000,1,dl_4426(6),4427,0,0.000000,0.000000,0.000000,0.076795,
427,1,17.000000,1,dl_4427(6),4428,0,0.000000,0.000000,0.000000,0.043449,
428,1,17.000000,1,dl_4428(6),4429,0,0.000000,0.000000,0.000000,0.038537,
429,1,17.000000,1,dl_4429(5),4430,0,0.000000,0.000000,0.000000,0.040410,
430,1,17.000000,1,dl_4430(5),4431,0,0.000000,0.000000,0.000000,0.051038,
431,1,17.000000,1,dl_4431(5),4432,0,0.000000,0.000000,0.000000,0.039981,
432,1,17.000000,1,dl_4432(5),4433,0,0.000000,0.000000,0.000000,0.046840,
433,1,17.000000,1,dl_4433(5),4434,0,0.000000,0.000000,0.000000,0.044401,
434,1,17.000000,1,dl_4434(5),4435,0,0.000000,0.000000,0.000000,0.038981,
435,1,17.000000,1,dl_4435(5),4436,0,0.000000,0.000000,0.000000,0.034558,
436,1,17.000000,1,dl_4436(5),4437,0,0.000000,0.000000,0.000000,0.033248,
437,1,17.000000,1,dl_4437(5),4438,0,0.000000,0.000000,0.000000,0.034204,
438,1,17.000000,1,dl_4438(3),4439,0,0.000000,0.000000,0.000000,0.033987,5>2[-T67|T63|T65]
439,1,17.000000,1,dl_4439(4),4440,0,0.000000,0.000000,0.000000,0.033655,
440,1,17.000000,1,dl_4440(4),4441,0,0.000000,0.000000,0.000000,0.033324,
441,1,17.000000,1,dl_4441(4),4442,0,0.000000,0.000000,0.000000,0.039279,
442,1,17.000000,1,dl_4442(4),4443,0,0.000000,0.000000,0.000000,0.036493,
443,1,17.000000,1,dl_4443(4),4444,0,0.000000,0.000000,0.000000,0.044518,
444,1,17.000000,1,dl_4444(3),4445,0,0.000000,0.000000,0.000000,0.038035,3>2[-T62]
445,1,17.000000,1,dl_4445(4),4446,0,0.000000,0.000000,0.000000,0.037948,5>2[-T63|T62|T60]
446,1,17.000000,1,dl_4446(4),4447,0,0.000000,0.000000,0.000000,0.036688,5>3[-T67|T65]
447,1,17.000000,1,dl_4447(4),4448,0,0.000000,0.000000,0.000000,0.043057,5>3[-T67|T65]
448,1,17.000000,1,dl_4448(4),4449,0,0.000000,0.000000,0.000000,0.047182,5>3[-T67|T65]
449,1,17.000000,1,dl_4449(3),4450,0,0.000000,0.000000,0.000000,0.038669,5>2[-T67|T64|T65]
450,1,17.000000,1,dl_4450(4),4451,0,0.000000,0.000000,0.000000,0.034597,6>4[-T67|T65]
451,1,17.000000,1,dl_4451(4),4452,0,0.000000,0.000000,0.000000,0.043116,6>4[-T67|T65]
452,1,17.000000,1,dl_4452(4),4453,0,0.000000,0.000000,0.000000,0.035243,6>4[-T67|T65]
453,1,17.000000,1,dl_4453(3),4454,0,0.000000,0.000000,0.000000,0.032738,6>3[-T67|T64|T65]
454,1,17.000000,1,dl_4454(6),4455,0,0.000000,0.000000,0.000000,0.051887,
455,1,17.000000,1,dl_4455(6),4456,0,0.000000,0.000000,0.000000,0.039656,
456,1,17.000000,1,dl_4456(6),4457,0,0.000000,0.000000,0.000000,0.041967,
457,1,17.000000,1,dl_4457(5),4458,0,0.000000,0.000000,0.000000,0.046833,5>4[-T64]
458,1,17.000000,1,dl_4458(4),4459,0,0.000000,0.000000,0.000000,0.036743,5>3[-T67|T65]
459,1,17.000000,1,dl_4459(4),4460,0,0.000000,0.000000,0.000000,0.034123,5>3[-T67|T65]
460,1,17.000000,1,dl_4460(4),4461,0,0.000000,0.000000,0.000000,0.040302,5>3[-T67|T65]
461,1,17.000000,1,dl_4461(3),4462,0,0.000000,0.000000,0.000000,0.037188,5>2[-T67|T64|T65]
462,1,17.000000,1,dl_4462(4),4463,0,0.000000,0.000000,0.000000,0.037929,6>4[-T67|T65]
463,1,17.000000,1,dl_4463(4),4464,0,0.000000,0.000000,0.000000,0.041639,6>4[-T67|T65]
464,1,17.000000,1,dl_4464(4),4465,0,0.000000,0.000000,0.000000,0.045120,6>4[-T67|T65]
465,1,17.000000,1,dl_4465(3),4466,0,0.000000,0.000000,0.000000,0.040874,6>3[-T67|T64|T65]
466,1,17.000000,1,dl_4466(6),4467,0,0.000000,0.000000,0.000000,0.038699,
467,1,17.000000,1,dl_4467(6),4468,0,0.000000,0.000000,0.000000,0.033933,
468,1,17.000000,1,dl_4468(6),4469,0,0.000000,0.000000,0.000000,0.046998,
469,1,17.000000,1,dl_4469(5),4470,0,0.000000,0.000000,0.000000,0.038446,5>4[-T64]
470,1,17.000000,1,dl_4470(4),4471,0,0.000000,0.000000,0.000000,0.041411,6>4[-T67|T65]
471,1,17.000000,1,dl_4471(4),4472,0,0.000000,0.000000,0.000000,0.040122,6>4[-T67|T65]
472,1,17.000000,1,dl_4472(4),4473,0,0.000000,0.000000,0.000000,0.038418,6>4[-T67|T65]
473,1,17.000000,1,dl_4473(3),4474,0,0.000000,0.000000,0.000000,0.039280,6>3[-T67|T64|T65]
474,1,17.000000,1,dl_4474(6),4475,0,0.000000,0.000000,0.000000,0.039697,
475,1,17.000000,1,dl_4475(6),4476,0,0.000000,0.000000,0.000000,0.039092,
476,1,17.000000,1,dl_4476(6),4477,0,0.000000,0.000000,0.000000,0.035208,
477,1,17.000000,1,dl_4477(5),4478,0,0.000000,0.000000,0.000000,0.034195,5>4[-T64]
478,1,17.000000,1,dl_4478(6),4479,0,0.000000,0.000000,0.000000,0.033495,
479,1,17.000000,1,dl_4479(6),4480,0,0.000000,0.000000,0.000000,0.036064,
480,1,17.000000,1,dl_4480(6),4481,0,0.000000,0.000000,0.000000,0.036373,
481,1,17.000000,1,dl_4481(5),4482,0,0.000000,0.000000,0.000000,0.040330,5>4[-T64]
482,1,17.000000,1,dl_4482(6),4483,0,0.000000,0.000000,0.000000,0.046423,
483,1,17.000000,1,dl_4483(6),4484,0,0.000000,0.000000,0.000000,0.043934,
484,1,17.000000,1,dl_4484(6),4485,0,0.000000,0.000000,0.000000,0.035586,
485,1,17.000000,1,dl_4485(5),4486,0,0.000000,0.000000,0.000000,0.037653,5>4[-T64]
486,1,17.000000,1,dl_4486(6),4487,0,0.000000,0.000000,0.000000,0.050488,
487,1,17.000000,1,dl_4487(6),4488,0,0.000000,0.000000,0.000000,0.051762,
488,1,17.000000,1,dl_4488(6),4489,0,0.000000,0.000000,0.000000,0.035515,
489,1,17.000000,1,dl_4489(5),4490,0,0.000000,0.000000,0.000000,0.035891,5>4[-T64]
490,1,17.000000,1,dl_4490(6),4491,0,0.000000,0.000000,0.000000,0.033454,
491,1,17.000000,1,dl_4491(6),4492,0,0.000000,0.000000,0.000000,0.038129,
492,1,17.000000,1,dl_4492(6),4493,0,0.000000,0.000000,0.000000,0.034313,
493,1,17.000000,1,dl_4493(5),4494,0,0.000000,0.000000,0.000000,0.039234,5>4[-T64]
494,1,17.000000,1,dl_4494(6),4495,0,0.000000,0.000000,0.000000,0.034454,
495,1,17.000000,1,dl_4495(6),4496,0,0.000000,0.000000,0.000000,0.048900,
496,1,17.000000,1,dl_4496(6),4497,0,0.000000,0.000000,0.000000,0.043805,
497,1,17.000000,1,dl_4497(5),4498,0,0.000000,0.000000,0.000000,0.036132,5>4[-T64]
498,1,17.000000,1,dl_4498(6),4499,0,0.000000,0.000000,0.000000,0.049170,
499,1,17.000000,1,dl_4499(6),4500,0,0.000000,0.000000,0.000000,0.044676,
500,1,17.000000,1,dl_4500(6),4501,0,0.000000,0.000000,0.000000,0.047840,
501,1,17.000000,1,dl_4501(5),4502,0,0.000000,0.000000,0.000000,0.042871,5>4[-T64]
502,1,17.000000,1,dl_4502(6),4503,0,0.000000,0.000000,0.000000,0.036046,
503,1,17.000000,1,dl_4503(6),4504,0,0.000000,0.000000,0.000000,0.035107,
504,1,17.000000,1,dl_4504(6),4505,0,0.000000,0.000000,0.000000,0.046386,
505,1,17.000000,1,dl_4505(5),4506,0,0.000000,0.000000,0.000000,0.036764,5>4[-T64]
506,1,17.000000,1,dl_4506(6),4507,0,0.000000,0.000000,0.000000,0.035742,
507,1,17.000000,1,dl_4507(6),4508,0,0.000000,0.000000,0.000000,0.033125,
508,1,17.000000,1,dl_4508(6),4509,0,0.000000,0.000000,0.000000,0.035049,
509,1,17.000000,1,dl_4509(5),4510,0,0.000000,0.000000,0.000000,0.039093,5>4[-T64]
510,1,17.000000,1,dl_4510(6),4511,0,0.000000,0.000000,0.000000,0.038185,
511,1,17.000000,1,dl_4511(6),4512,0,0.000000,0.000000,0.000000,0.032707,
512,1,17.000000,1,dl_4512(6),4513,0,0.000000,0.000000,0.000000,0.035761,
513,1,17.000000,1,dl_4513(5),4514,0,0.000000,0.000000,0.000000,0.039992,5>4[-T64]
514,1,17.000000,1,dl_4514(5),4515,0,0.000000,0.000000,0.000000,0.035287,
515,1,17.000000,1,dl_4515(5),4516,0,0.000000,0.000000,0.000000,0.032871,
516,1,17.000000,1,dl_4516(5),4517,0,0.000000,0.000000,0.000000,0.030682,
517,1,17.000000,1,dl_4517(4),4518,0,0.000000,0.000000,0.000000,0.038494,5>4[-T64]
518,1,17.000000,1,dl_4518(5),4519,0,0.000000,0.000000,0.000000,0.038071,
519,1,17.000000,1,dl_4519(5),4520,0,0.000000,0.000000,0.000000,0.053089,
520,1,17.000000,1,dl_4520(5),4521,0,0.000000,0.000000,0.000000,0.036002,
521,1,17.000000,1,dl_4521(4),4522,0,0.000000,0.000000,0.000000,0.030116,5>4[-T64]
522,1,17.000000,1,dl_4522(5),4523,0,0.000000,0.000000,0.000000,0.033169,
523,1,17.000000,1,dl_4523(5),4524,0,0.000000,0.000000,0.000000,0.034825,
524,1,17.000000,1,dl_4524(5),4525,0,0.000000,0.000000,0.000000,0.042383,
525,1,17.000000,1,dl_4525(4),4526,0,0.000000,0.000000,0.000000,0.033106,5>4[-T64]
526,1,17.000000,1,dl_4526(5),4527,0,0.000000,0.000000,0.000000,0.031557,
527,1,17.000000,1,dl_4527(5),4528,0,0.000000,0.000000,0.000000,0.014205,
528,1,17.000000,1,dl_4528(5),4529,0,0.000000,0.000000,0.000000,0.029890,
529,1,17.000000,1,dl_4529(4),4530,0,0.000000,0.000000,0.000000,0.031381,5>4[-T64]
530,1,17.000000,1,dl_4530(5),4531,0,0.000000,0.000000,0.000000,0.015020,
531,1,17.000000,1,dl_4531(5),4532,0,0.000000,0.000000,0.000000,0.014046,
532,1,17.000000,1,dl_4532(5),4533,0,0.000000,0.000000,0.000000,0.020778,
533,1,17.000000,1,dl_4533(4),4534,0,0.000000,0.000000,0.000000,0.034700,5>4[-T64]
534,1,17.000000,1,dl_4534(5),4535,0,0.000000,0.000000,0.000000,0.036596,
535,1,17.000000,1,dl_4535(5),4536,0,0.000000,0.000000,0.000000,0.039020,
536,1,17.000000,1,dl_4536(5),4537,0,0.000000,0.000000,0.000000,0.037166,
537,1,17.000000,1,dl_4537(4),4538,0,0.000000,0.000000,0.000000,0.041975,5>4[-T64]
538,1,17.000000,1,dl_4538(5),4539,0,0.000000,0.000000,0.000000,0.034668,
539,1,17.000000,1,dl_4539(5),4540,0,0.000000,0.000000,0.000000,0.039420,
540,1,17.000000,1,dl_4540(5),4541,0,0.000000,0.000000,0.000000,0.038627,
541,1,17.000000,1,dl_4541(4),4542,0,0.000000,0.000000,0.000000,0.039261,5>4[-T64]
542,1,17.000000,1,dl_4542(5),4543,0,0.000000,0.000000,0.000000,0.040099,
543,1,17.000000,1,dl_4543(5),4544,0,0.000000,0.000000,0.000000,0.015065,
544,1,17.000000,1,dl_4544(5),4545,0,0.000000,0.000000,0.000000,0.024654,
545,1,17.000000,1,dl_4545(4),4546,0,0.000000,0.000000,0.000000,0.032570,5>4[-T64]
546,1,17.000000,1,dl_4546(5),4547,0,0.000000,0.000000,0.000000,0.033814,
547,1,17.000000,1,dl_4547(5),4548,0,0.000000,0.000000,0.000000,0.042927,
548,1,17.000000,1,dl_4548(5),4549,0,0.000000,0.000000,0.000000,0.039922,
549,1,17.000000,1,dl_4549(4),4550,0,0.000000,0.000000,0.000000,0.036741,5>4[-T64]
550,1,17.000000,1,dl_4550(3),4551,0,0.000000,0.000000,0.000000,0.030232,6>3[-T67|T63|T65]
551,1,17.000000,1,dl_4551(3),4552,0,0.000000,0.000000,0.000000,0.034721,6>3[-T67|T63|T65]
552,1,17.000000,1,dl_4552(3),4553,0,0.000000,0.000000,0.000000,0.032293,6>3[-T67|T63|T65]
553,1,17.000000,1,dl_4553(2),4554,0,0.000000,0.000000,0.000000,0.035995,6>2[-T67|T64|T63|T65]
554,1,17.000000,1,dl_4554(4),4555,0,0.000000,0.000000,0.000000,0.031776,
555,1,17.000000,1,dl_4555(4),4556,0,0.000000,0.000000,0.000000,0.039734,
556,1,17.000000,1,dl_4556(4),4557,0,0.000000,0.000000,0.000000,0.031522,
557,1,17.000000,1,dl_4557(3),4558,0,0.000000,0.000000,0.000000,0.031907,3>2[-T64]
558,1,17.000000,1,dl_4558(4),4559,0,0.000000,0.000000,0.000000,0.034234,
559,1,17.000000,1,dl_4559(4),4560,0,0.000000,0.000000,0.000000,0.032791,
560,1,17.000000,1,dl_4560(4),4561,0,0.000000,0.000000,0.000000,0.033002,
561,1,17.000000,1,dl_4561(3),4562,0,0.000000,0.000000,0.000000,0.042900,3>2[-T64]
562,1,17.000000,1,dl_4562(4),4563,0,0.000000,0.000000,0.000000,0.039642,
563,1,17.000000,1,dl_4563(4),4564,0,0.000000,0.000000,0.000000,0.035057,
564,1,17.000000,1,dl_4564(4),4565,0,0.000000,0.000000,0.000000,0.032111,
565,1,17.000000,1,dl_4565(3),4566,0,0.000000,0.000000,0.000000,0.031785,4>3[-T64]
566,1,17.000000,1,dl_4566(4),4567,0,0.000000,0.000000,0.000000,0.032383,
567,1,17.000000,1,dl_4567(4),4568,0,0.000000,0.000000,0.000000,0.035408,
568,1,17.000000,1,dl_4568(4),4569,0,0.000000,0.000000,0.000000,0.015901,
569,1,17.000000,1,dl_4569(3),4570,0,0.000000,0.000000,0.000000,0.043631,4>3[-T64]
570,1,17.000000,1,dl_4570(4),4571,0,0.000000,0.000000,0.000000,0.034675,
571,1,17.000000,1,dl_4571(4),4572,0,0.000000,0.000000,0.000000,0.033591,
572,1,17.000000,1,dl_4572(4),4573,0,0.000000,0.000000,0.000000,0.031484,
573,1,17.000000,1,dl_4573(3),4574,0,0.000000,0.000000,0.000000,0.034273,4>3[-T64]
574,1,17.000000,1,dl_4574(3),4575,0,0.000000,0.000000,0.000000,0.032801,4>3[-T62]
575,1,17.000000,1,dl_4575(3),4576,0,0.000000,0.000000,0.000000,0.043426,4>3[-T62]
576,1,17.000000,1,dl_4576(3),4577,0,0.000000,0.000000,0.000000,0.042453,4>3[-T62]
577,1,17.000000,1,dl_4577(2),4578,0,0.000000,0.000000,0.000000,0.033482,4>2[-T62|T64]
578,1,17.000000,1,dl_4578(4),4579,0,0.000000,0.000000,0.000000,0.034799,6>3[-T63|T62|T60]
579,1,17.000000,1,dl_4579(4),4580,0,0.000000,0.000000,0.000000,0.034251,6>3[-T63|T62|T60]
580,1,17.000000,1,dl_4580(4),4581,0,0.000000,0.000000,0.000000,0.036193,6>3[-T63|T62|T60]
581,1,17.000000,1,dl_4581(3),4582,0,0.000000,0.000000,0.000000,0.034345,6>2[-T63|T62|T60|T64]
582,1,56.000000,1,dl_4582(4),4583,104,3.250000,0.140814,0.012835,0.113094,6>2[-T206|T202|T205|T204]
583,1,56.000000,1,dl_4583(4),4584,104,3.250000,0.140814,0.012835,0.093138,6>2[-T206|T202|T205|T204]
584,1,56.000000,1,dl_4584(3),4585,104,3.250000,0.140814,0.012835,0.104776,6>2[-T206|T202|T205|T204]
585,1,56.000000,1,dl_4585(4),4586,104,3.250000,0.140814,0.012835,0.088916,
586,1,56.000000,1,dl_4586(4),4587,104,3.250000,0.140814,0.012835,0.104073,
587,1,56.000000,1,dl_4587(3),4588,104,3.250000,0.140814,0.012835,0.086026,
588,1,56.000000,1,dl_4588(4),4589,103,3.218750,0.139191,0.010418,0.110469,
589,1,56.000000,1,dl_4589(4),4590,103,3.218750,0.139191,0.010418,0.090295,
590,1,56.000000,1,dl_4590(4),4591,103,3.218750,0.139191,0.010418,0.108938,
591,1,56.000000,1,dl_4591(4),4592,103,3.218750,0.139191,0.010418,0.093704,
592,1,56.000000,1,dl_4592(4),4593,103,3.218750,0.139191,0.010418,0.087799,
593,1,56.000000,1,dl_4593(6),4594,102,3.187500,0.137569,0.010520,0.094795,
594,1,56.000000,1,dl_4594(6),4595,102,3.187500,0.137569,0.010520,0.101303,
595,1,56.000000,1,dl_4595(6),4596,102,3.187500,0.137569,0.010520,0.103484,
596,1,56.000000,1,dl_4596(3),4597,103,3.218750,0.139191,0.010418,0.092216,
597,1,56.000000,1,dl_4597(4),4598,102,3.187500,0.137569,0.010520,0.121869,
598,1,56.000000,1,dl_4598(4),4599,104,3.250000,0.140814,0.012835,0.101698,6>3[-T206|T205|T204]
599,1,56.000000,1,dl_4599(4),4600,104,3.250000,0.140814,0.012835,0.124589,6>3[-T206|T205|T204]
600,1,56.000000,1,dl_4600(4),4601,104,3.250000,0.140814,0.012835,0.106162,6>3[-T206|T205|T204]
601,1,56.000000,1,dl_4601(3),4602,104,3.250000,0.140814,0.012835,0.110471,6>2[-T202|T206|T205|T204]
602,1,56.000000,1,dl_4602(4),4603,104,3.250000,0.140814,0.012835,0.098278,6>3[-T206|T205|T204]
603,1,56.000000,1,dl_4603(4),4604,104,3.250000,0.140814,0.012835,0.097342,6>3[-T206|T205|T204]
604,1,56.000000,1,dl_4604(4),4605,104,3.250000,0.140814,0.012835,0.110763,6>3[-T206|T205|T204]
605,1,56.000000,1,dl_4605(3),4606,104,3.250000,0.140814,0.012835,0.108092,6>2[-T202|T206|T205|T204]
606,1,56.000000,1,dl_4606(3),4607,104,3.250000,0.140814,0.012835,0.111267,6>3[-T206|T205|T204]
607,1,56.000000,1,dl_4607(3),4608,104,3.250000,0.140814,0.012835,0.128687,6>3[-T206|T205|T204]
608,1,56.000000,1,dl_4608(3),4609,104,3.250000,0.140814,0.012835,0.105271,6>3[-T206|T205|T204]
609,1,56.000000,1,dl_4609(2),4610,104,3.250000,0.140814,0.012835,0.117089,6>2[-T202|T206|T205|T204]
610,1,56.000000,1,dl_4610(4),4611,104,3.250000,0.140814,0.012835,0.106865,
611,1,56.000000,1,dl_4611(4),4612,104,3.250000,0.140814,0.012835,0.115338,
612,1,56.000000,1,dl_4612(4),4613,104,3.250000,0.140814,0.012835,0.109648,
613,1,56.000000,1,dl_4613(3),4614,104,3.250000,0.140814,0.012835,0.109597,3>2[-T202]
614,1,56.000000,1,dl_4614(4),4615,104,3.250000,0.140814,0.012835,0.111657,
615,1,56.000000,1,dl_4615(4),4616,104,3.250000,0.140814,0.012835,0.118125,
616,1,56.000000,1,dl_4616(4),4617,104,3.250000,0.140814,0.012835,0.106376,
617,1,56.000000,1,dl_4617(3),4618,104,3.250000,0.140814,0.012835,0.120863,3>2[-T202]
618,1,56.000000,1,dl_4618(3),4619,104,3.250000,0.140814,0.012835,0.106397,
619,1,56.000000,1,dl_4619(3),4620,104,3.250000,0.140814,0.012835,0.101503,
620,1,56.000000,1,dl_4620(3),4621,104,3.250000,0.140814,0.012835,0.102963,
621,1,56.000000,1,dl_4621(2),4622,104,3.250000,0.140814,0.012835,0.103539,3>2[-T202]
622,1,56.000000,1,dl_4622(4),4623,103,3.218750,0.139191,0.010418,0.123170,
623,1,56.000000,1,dl_4623(4),4624,103,3.218750,0.139191,0.010418,0.099213,
624,1,56.000000,1,dl_4624(4),4625,103,3.218750,0.139191,0.010418,0.100081,
625,1,56.000000,1,dl_4625(3),4626,103,3.218750,0.139191,0.010418,0.103194,3>2[-T202]
626,1,56.000000,1,dl_4626(4),4627,103,3.218750,0.139191,0.010418,0.090007,
627,1,56.000000,1,dl_4627(4),4628,103,3.218750,0.139191,0.010418,0.115190,
628,1,56.000000,1,dl_4628(4),4629,103,3.218750,0.139191,0.010418,0.115164,
629,1,56.000000,1,dl_4629(3),4630,103,3.218750,0.139191,0.010418,0.108315,4>3[-T202]
630,1,56.000000,1,dl_4630(4),4631,103,3.218750,0.139191,0.010418,0.128843,
631,1,56.000000,1,dl_4631(4),4632,103,3.218750,0.139191,0.010418,0.105531,
632,1,56.000000,1,dl_4632(4),4633,103,3.218750,0.139191,0.010418,0.099651,
633,1,56.000000,1,dl_4633(3),4634,103,3.218750,0.139191,0.010418,0.104593,3>2[-T202]
634,1,56.000000,1,dl_4634(4),4635,103,3.218750,0.139191,0.010418,0.110918,
635,1,56.000000,1,dl_4635(4),4636,103,3.218750,0.139191,0.010418,0.100375,
636,1,56.000000,1,dl_4636(4),4637,103,3.218750,0.139191,0.010418,0.120724,
637,1,56.000000,1,dl_4637(3),4638,103,3.218750,0.139191,0.010418,0.147209,4>3[-T202]
638,1,56.000000,1,dl_4638(4),4639,103,3.218750,0.139191,0.010418,0.127069,
639,1,56.000000,1,dl_4639(4),4640,103,3.218750,0.139191,0.010418,0.110226,
640,1,56.000000,1,dl_4640(4),4641,103,3.218750,0.139191,0.010418,0.145635,
641,1,56.000000,1,dl_4641(3),4642,103,3.218750,0.139191,0.010418,0.106002,4>3[-T202]
642,1,56.000000,1,dl_4642(6),4643,102,3.187500,0.137569,0.010520,0.095343,
643,1,56.000000,1,dl_4643(6),4644,102,3.187500,0.137569,0.010520,0.096141,
644,1,56.000000,1,dl_4644(6),4645,102,3.187500,0.137569,0.010520,0.100915,
645,1,56.000000,1,dl_4645(5),4646,102,3.187500,0.137569,0.010520,0.112270,5>4[-T202]
646,1,56.000000,1,dl_4646(6),4647,102,3.187500,0.137569,0.010520,0.118796,
647,1,56.000000,1,dl_4647(6),4648,102,3.187500,0.137569,0.010520,0.096284,
648,1,56.000000,1,dl_4648(6),4649,102,3.187500,0.137569,0.010520,0.105410,
649,1,56.000000,1,dl_4649(5),4650,102,3.187500,0.137569,0.010520,0.094333,5>4[-T202]
650,1,56.000000,1,dl_4650(6),4651,102,3.187500,0.137569,0.010520,0.038263,
651,1,56.000000,1,dl_4651(6),4652,102,3.187500,0.137569,0.010520,0.055866,
652,1,56.000000,1,dl_4652(6),4653,102,3.187500,0.137569,0.010520,0.064418,
653,1,56.000000,1,dl_4653(5),4654,102,3.187500,0.137569,0.010520,0.085369,5>4[-T202]
654,1,56.000000,1,dl_4654(3),4655,103,3.218750,0.139191,0.010418,0.039439,
655,1,56.000000,1,dl_4655(3),4656,103,3.218750,0.139191,0.010418,0.101348,
656,1,56.000000,1,dl_4656(3),4657,103,3.218750,0.139191,0.010418,0.128148,
657,1,56.000000,1,dl_4657(2),4658,103,3.218750,0.139191,0.010418,0.090139,3>2[-T202]
658,1,56.000000,1,dl_4658(4),4659,102,3.187500,0.137569,0.010520,0.082230,
659,1,56.000000,1,dl_4659(4),4660,102,3.187500,0.137569,0.010520,0.091466,
660,1,56.000000,1,dl_4660(4),4661,102,3.187500,0.137569,0.010520,0.087194,
661,1,56.000000,1,dl_4661(3),4662,102,3.187500,0.137569,0.010520,0.087383,3>2[-T202]
662,1,56.000000,1,dl_4662(4),4663,102,3.187500,0.137569,0.010520,0.062965,4>3[-T200]
663,1,56.000000,1,dl_4663(4),4664,102,3.187500,0.137569,0.010520,0.079446,5>4[-T200]
664,1,56.000000,1,dl_4664(4),4665,102,3.187500,0.137569,0.010520,0.039286,5>4[-T200]
665,1,56.000000,1,dl_4665(4),4666,102,3.187500,0.137569,0.010520,0.038039,5>4[-T200]
666,1,56.000000,1,dl_4666(3),4667,102,3.187500,0.137569,0.010520,0.093838,5>3[-T200|T202]
667,1,56.000000,1,dl_4667(4),4668,102,3.187500,0.137569,0.010520,0.121298,4>2[-T200|T199]
668,1,56.000000,1,dl_4668(4),4669,102,3.187500,0.137569,0.010520,0.088915,5>3[-T200|T199]
669,1,56.000000,1,dl_4669(4),4670,102,3.187500,0.137569,0.010520,0.085505,5>3[-T200|T199]
670,1,56.000000,1,dl_4670(4),4671,102,3.187500,0.137569,0.010520,0.076543,5>3[-T200|T199]
671,1,56.000000,1,dl_4671(3),4672,102,3.187500,0.137569,0.010520,0.093102,5>2[-T202|T200|T199]
672,1,56.000000,1,dl_4672(4),4673,102,3.187500,0.137569,0.010520,0.088768,
673,1,56.000000,1,dl_4673(4),4674,102,3.187500,0.137569,0.010520,0.092760,
674,1,56.000000,1,dl_4674(4),4675,102,3.187500,0.137569,0.010520,0.083905,
675,1,56.000000,1,dl_4675(4),4676,102,3.187500,0.137569,0.010520,0.096003,
676,1,56.000000,1,dl_4676(3),4677,102,3.187500,0.137569,0.010520,0.113100,4>3[-T202]
677,1,56.000000,1,dl_4677(4),4678,102,3.187500,0.137569,0.010520,0.095380,
678,1,56.000000,1,dl_4678(4),4679,102,3.187500,0.137569,0.010520,0.124679,
679,1,56.000000,1,dl_4679(4),4680,102,3.187500,0.137569,0.010520,0.091222,
680,1,56.000000,1,dl_4680(4),4681,102,3.187500,0.137569,0.010520,0.086680,
681,1,56.000000,1,dl_4681(3),4682,102,3.187500,0.137569,0.010520,0.087723,4>3[-T202]
682,1,56.000000,1,dl_4682(3),4683,102,3.187500,0.137569,0.010520,0.097393,3>2[-T199]
683,1,56.000000,1,dl_4683(3),4684,102,3.187500,0.137569,0.010520,0.094701,4>3[-T199]
684,1,56.000000,1,dl_4684(3),4685,102,3.187500,0.137569,0.010520,0.112466,4>3[-T199]
685,1,56.000000,1,dl_4685(3),4686,102,3.187500,0.137569,0.010520,0.117442,4>3[-T199]
686,1,56.000000,1,dl_4686(2),4687,102,3.187500,0.137569,0.010520,0.089064,4>2[-T199|T202]
687,0,192.000000,0,,4687,653,3.886905,0.247378,0.056791,0.334204,
