seed,deadlock_found,new_constraints,total_constraints,iterations,trains_per_hr,cpu_time
1,1,14,14,12,5.2440,1.257
2,1,6,20,6,5.2738,0.537
3,1,2,22,3,4.8750,0.321
4,1,4,26,4,4.8036,0.238
5,1,24,50,19,4.8452,1.282
6,1,4,54,5,4.9643,0.420
7,1,7,61,8,4.9107,0.397
8,0,0,61,1,4.9524,0.147
9,1,1,62,2,5.0476,0.153
10,1,1,63,2,5.1012,0.296
11,1,6,69,7,5.0833,0.390
12,0,0,69,1,5.1190,0.154
13,0,0,69,1,4.9107,0.145
14,0,0,69,1,4.7679,0.136
15,0,0,69,1,5.0179,0.149
16,1,2,71,3,5.1071,0.267
17,0,0,71,1,4.9702,0.156
18,1,1,72,2,5.2500,0.218
19,0,0,72,1,4.8631,0.144
20,1,1,73,2,4.5952,0.220
21,1,1,74,2,4.8333,0.172
22,1,1,75,2,4.7619,0.229
23,1,2,77,3,4.8512,0.390
24,1,1,78,2,5.0655,0.287
25,1,1,79,2,5.2619,0.273
26,1,1,80,2,4.9762,0.191
27,0,0,80,1,4.8512,0.145
28,1,1,81,2,4.9048,0.165
29,0,0,81,1,4.6786,0.135
30,0,0,81,1,5.0893,0.159
31,0,0,81,1,5.1607,0.163
32,0,0,81,1,5.3750,0.169
33,0,0,81,1,4.8214,0.142
34,0,0,81,1,4.7321,0.140
35,0,0,81,1,4.9940,0.147
36,1,1,82,2,5.1250,0.183
37,1,1,83,2,5.0119,0.249
38,0,0,83,1,4.7202,0.141
39,0,0,83,1,5.0060,0.158
40,0,0,83,1,5.1190,0.163
41,1,221,304,221,4.9048,5.532
42,0,0,304,1,4.9524,0.159
43,0,0,304,1,4.8869,0.147
44,0,0,304,1,5.0833,0.164
45,0,0,304,1,5.0238,0.159
46,0,0,304,1,4.9702,0.158
47,0,0,304,1,4.8393,0.152
48,0,0,304,1,5.1250,0.165
49,1,153,457,154,5.2321,25.329
50,0,0,457,1,4.6964,0.168
51,0,0,457,1,5.1071,0.197
52,0,0,457,1,4.9464,0.173
53,1,6,463,7,5.3333,0.628
54,0,0,463,1,4.8333,0.163
55,1,1,464,2,4.8214,0.316
56,0,0,464,1,5.1667,0.185
57,0,0,464,1,4.7917,0.159
58,0,0,464,1,4.9583,0.168
59,1,1,465,2,4.9643,0.303
60,0,0,465,1,5.1012,0.179
61,0,0,465,1,5.0952,0.175
62,1,1,466,2,4.7560,0.326
63,0,0,466,1,4.7798,0.153
64,0,0,466,1,4.8571,0.163
65,0,0,466,1,5.1012,0.184
66,0,0,466,1,4.9583,0.176
67,0,0,466,1,5.1190,0.179
68,0,0,466,1,4.8214,0.170
69,0,0,466,1,5.1369,0.193
70,1,1,467,2,4.9583,0.362
71,0,0,467,1,4.9167,0.182
72,0,0,467,1,4.7619,0.164
73,0,0,467,1,4.8274,0.170
74,0,0,467,1,4.8214,0.169
75,0,0,467,1,4.8869,0.168
76,0,0,467,1,5.0952,0.181
77,0,0,467,1,4.8214,0.169
78,1,2,469,3,5.1012,0.316
79,0,0,469,1,4.7024,0.158
80,1,4,473,5,4.9940,0.497
81,0,0,473,1,4.9167,0.176
82,0,0,473,1,5.0000,0.189
83,0,0,473,1,5.3333,0.206
84,0,0,473,1,5.1488,0.197
85,0,0,473,1,5.0833,0.194
86,0,0,473,1,4.8155,0.163
87,0,0,473,1,4.7738,0.167
88,1,3,476,4,5.2738,0.701
89,0,0,476,1,4.8750,0.166
90,0,0,476,1,4.9226,0.172
91,0,0,476,1,5.0714,0.172
92,0,0,476,1,5.0119,0.173
93,0,0,476,1,5.2440,0.192
94,0,0,476,1,5.2083,0.189
95,1,4,480,5,4.8929,0.720
96,0,0,480,1,4.9286,0.170
97,1,39,519,36,4.9762,0.585
98,0,0,519,1,4.7143,0.172
99,0,0,519,1,4.9821,0.194
100,0,0,519,1,4.9405,0.186
101,0,0,519,1,4.7262,0.167
102,0,0,519,1,4.7976,0.162
103,0,0,519,1,5.0119,0.190
104,1,1,520,2,5.4464,0.367
105,0,0,520,1,4.8274,0.160
106,0,0,520,1,4.7738,0.163
107,0,0,520,1,4.8452,0.165
108,0,0,520,1,5.0298,0.185
109,1,7,527,8,5.3333,1.215
110,0,0,527,1,4.9464,0.172
111,0,0,527,1,5.0774,0.183
112,0,0,527,1,5.0476,0.178
113,1,1,528,2,5.0833,0.354
114,0,0,528,1,5.1190,0.185
115,0,0,528,1,5.1548,0.182
116,0,0,528,1,5.1190,0.183
117,0,0,528,1,5.2500,0.189
118,1,2,530,3,4.9881,0.368
119,1,19,549,20,5.1012,2.627
120,0,0,549,1,4.7500,0.166
121,0,0,549,1,5.1369,0.182
122,1,3,552,4,4.8690,0.515
123,0,0,552,1,4.9048,0.178
124,0,0,552,1,4.8869,0.171
125,0,0,552,1,4.9107,0.173
126,0,0,552,1,4.8929,0.173
127,0,0,552,1,5.4286,0.209
128,0,0,552,1,5.1548,0.189
129,1,3,555,4,5.2202,0.625
130,0,0,555,1,4.8452,0.175
131,0,0,555,1,5.0000,0.176
132,0,0,555,1,4.8036,0.167
133,0,0,555,1,5.0119,0.180
134,0,0,555,1,5.0119,0.178
135,0,0,555,1,4.9107,0.167
136,0,0,555,1,5.2381,0.196
137,0,0,555,1,4.9524,0.178
138,1,1,556,2,5.1071,0.333
139,0,0,556,1,4.9107,0.179
140,0,0,556,1,4.9107,0.175
141,0,0,556,1,4.9821,0.172
142,0,0,556,1,4.8333,0.168
143,1,8,564,9,5.2024,1.053
144,0,0,564,1,5.1667,0.199
145,0,0,564,1,5.4286,0.228
146,0,0,564,1,5.0357,0.198
147,0,0,564,1,5.0952,0.191
148,1,1,565,2,4.7679,0.329
149,0,0,565,1,4.9226,0.169
150,0,0,565,1,4.9167,0.185
151,0,0,565,1,4.6726,0.159
152,0,0,565,1,5.0833,0.187
153,0,0,565,1,5.0536,0.177
154,0,0,565,1,4.9821,0.172
155,0,0,565,1,5.0595,0.192
156,0,0,565,1,5.2917,0.191
157,0,0,565,1,5.1071,0.187
158,0,0,565,1,4.8155,0.173
159,0,0,565,1,5.0119,0.178
160,0,0,565,1,5.1786,0.197
161,1,1,566,2,5.1786,0.302
162,0,0,566,1,5.1310,0.196
163,0,0,566,1,4.9048,0.222
164,0,0,566,1,5.0952,0.190
165,0,0,566,1,4.8929,0.178
166,0,0,566,1,5.0595,0.183
167,0,0,566,1,4.9464,0.178
168,0,0,566,1,4.8929,0.165
169,0,0,566,1,4.8214,0.165
170,0,0,566,1,4.8333,1.313
171,0,0,566,1,5.1786,0.192
172,0,0,566,1,5.1131,0.191
173,0,0,566,1,4.8988,0.424
174,0,0,566,1,4.6667,0.160
175,0,0,566,1,5.1012,0.190
176,0,0,566,1,4.8155,0.161
177,0,0,566,1,5.0536,0.182
178,0,0,566,1,4.8810,0.186
179,0,0,566,1,5.0476,0.181
180,0,0,566,1,4.7917,0.163
181,0,0,566,1,4.9048,0.171
182,0,0,566,1,4.9702,0.169
183,0,0,566,1,4.7440,0.164
184,0,0,566,1,4.8690,0.171
185,0,0,566,1,5.0298,0.179
186,0,0,566,1,4.7262,0.171
187,0,0,566,1,5.0357,0.181
188,0,0,566,1,4.7798,0.178
189,1,2015,2581,2000,1.2202,284.793
190,0,0,2581,1,4.8988,0.339
191,0,0,2581,1,5.0952,0.355
192,0,0,2581,1,4.8095,0.303
193,0,0,2581,1,5.0714,0.372
194,1,21,2602,22,5.0060,2.997
195,0,0,2602,1,4.8095,0.328
196,0,0,2602,1,4.8750,0.337
197,0,0,2602,1,4.9881,0.346
198,0,0,2602,1,5.1964,0.373
199,0,0,2602,1,5.0417,0.368
200,0,0,2602,1,5.0476,0.362
201,0,0,2602,1,4.8393,0.326
202,0,0,2602,1,5.0714,0.381
203,0,0,2602,1,4.9643,0.359
204,0,0,2602,1,5.1548,0.374
205,0,0,2602,1,5.1429,0.349
206,0,0,2602,1,5.0119,0.346
207,0,0,2602,1,4.8452,0.325
208,0,0,2602,1,5.2738,0.381
209,0,0,2602,1,5.1369,0.362
210,0,0,2602,1,5.0238,0.384
211,0,0,2602,1,5.1131,0.339
212,0,0,2602,1,5.0893,0.352
213,1,2,2604,3,5.0119,0.471
214,0,0,2604,1,5.0000,0.366
215,0,0,2604,1,4.6726,0.330
216,0,0,2604,1,4.7679,0.314
217,0,0,2604,1,5.0179,0.370
218,0,0,2604,1,5.0714,0.377
219,0,0,2604,1,4.8929,0.328
220,0,0,2604,1,5.0833,0.349
221,0,0,2604,1,5.1131,0.367
222,0,0,2604,1,5.0000,0.363
223,0,0,2604,1,4.6726,0.325
224,0,0,2604,1,4.9940,0.368
225,0,0,2604,1,4.5655,0.310
226,0,0,2604,1,4.8214,0.338
227,0,0,2604,1,5.2321,0.382
228,0,0,2604,1,5.2024,0.390
229,0,0,2604,1,4.6548,0.323
230,0,0,2604,1,5.1190,0.521
231,0,0,2604,1,4.6845,0.891
232,0,0,2604,1,4.6607,0.320
233,0,0,2604,1,5.0417,0.352
234,0,0,2604,1,5.1310,0.355
235,0,0,2604,1,5.0893,0.354
236,0,0,2604,1,5.0536,0.362
237,0,0,2604,1,5.1012,0.359
238,0,0,2604,1,5.1190,0.374
239,0,0,2604,1,5.0833,0.350
240,0,0,2604,1,5.1429,0.361
241,0,0,2604,1,4.8571,0.352
242,0,0,2604,1,4.9286,0.343
243,0,0,2604,1,4.6726,0.323
244,0,0,2604,1,5.0952,0.371
245,0,0,2604,1,4.8571,0.336
246,0,0,2604,1,4.8393,0.357
247,0,0,2604,1,4.9524,0.358
248,0,0,2604,1,5.2679,0.396
249,0,0,2604,1,5.1964,0.399
250,0,0,2604,1,5.4226,0.422
251,0,0,2604,1,5.0476,0.380
252,0,0,2604,1,4.7083,0.328
253,0,0,2604,1,4.6905,0.352
254,0,0,2604,1,5.4940,0.422
255,0,0,2604,1,4.8869,0.335
256,0,0,2604,1,5.0060,0.357
257,0,0,2604,1,5.2738,0.390
258,0,0,2604,1,5.2440,0.405
259,0,0,2604,1,4.9821,0.374
260,0,0,2604,1,5.1012,0.389
261,0,0,2604,1,5.0238,0.373
262,0,0,2604,1,4.8631,0.357
263,0,0,2604,1,4.8214,0.344
264,0,0,2604,1,4.8690,0.332
265,0,0,2604,1,5.0833,0.361
266,0,0,2604,1,5.0179,0.356
267,0,0,2604,1,5.0060,0.378
268,0,0,2604,1,5.0357,0.345
269,0,0,2604,1,5.0774,0.385
270,0,0,2604,1,5.1786,0.394
271,0,0,2604,1,5.0893,0.358
272,1,5,2609,6,5.3810,1.889
273,0,0,2609,1,5.3095,0.396
274,0,0,2609,1,5.1190,0.385
275,0,0,2609,1,4.9821,0.326
276,0,0,2609,1,4.8690,0.349
277,0,0,2609,1,4.9940,0.360
278,0,0,2609,1,5.1488,0.396
279,0,0,2609,1,5.1071,0.364
280,0,0,2609,1,4.9881,0.362
281,0,0,2609,1,4.9762,0.373
282,0,0,2609,1,5.2857,0.376
283,1,4,2613,5,5.3274,3.903
284,1,1,2614,2,4.7917,0.540
285,1,2,2616,3,5.0476,0.484
286,0,0,2616,1,4.9107,0.345
287,0,0,2616,1,5.2798,0.393
288,0,0,2616,1,4.9107,0.357
289,0,0,2616,1,4.9881,0.359
290,0,0,2616,1,5.2679,0.402
291,0,0,2616,1,4.8810,0.375
292,0,0,2616,1,5.2083,0.395
293,0,0,2616,1,4.9048,0.358
294,0,0,2616,1,4.4702,0.290
295,0,0,2616,1,4.8810,0.346
296,0,0,2616,1,5.0714,0.376
297,0,0,2616,1,5.1190,0.366
298,0,0,2616,1,5.0298,0.351
299,1,1,2617,2,5.0298,0.392
300,0,0,2617,1,4.9881,0.372
301,1,3,2620,4,5.1429,1.175
302,1,32,2652,33,5.0952,8.842
303,0,0,2652,1,5.0000,0.388
304,0,0,2652,1,5.0179,0.397
305,0,0,2652,1,4.8333,0.339
306,0,0,2652,1,4.9702,0.379
307,0,0,2652,1,5.2500,0.381
308,0,0,2652,1,4.9286,0.392
309,0,0,2652,1,4.8214,0.336
310,0,0,2652,1,4.9167,0.339
311,0,0,2652,1,4.6488,0.313
312,0,0,2652,1,5.2619,0.390
313,0,0,2652,1,4.9762,0.355
314,0,0,2652,1,5.0476,0.361
315,0,0,2652,1,4.8393,0.339
316,0,0,2652,1,4.7738,0.328
317,0,0,2652,1,4.8810,0.330
318,0,0,2652,1,5.1786,0.392
319,0,0,2652,1,5.0536,0.352
320,0,0,2652,1,4.8274,0.357
321,0,0,2652,1,5.5060,0.419
322,0,0,2652,1,5.2619,0.390
323,0,0,2652,1,5.0000,0.342
324,0,0,2652,1,5.0714,0.366
325,0,0,2652,1,5.0298,0.350
326,0,0,2652,1,4.7679,0.346
327,1,2,2654,3,5.1964,0.536
328,0,0,2654,1,5.0179,0.378
329,1,5,2659,6,5.1071,1.409
330,0,0,2659,1,4.8929,0.342
331,0,0,2659,1,4.8155,0.336
332,0,0,2659,1,5.1190,0.572
333,0,0,2659,1,5.0000,0.363
334,0,0,2659,1,4.8750,0.337
335,0,0,2659,1,4.8869,0.349
336,0,0,2659,1,5.0417,0.352
337,0,0,2659,1,4.7976,0.345
338,0,0,2659,1,4.7560,0.319
339,0,0,2659,1,5.1667,0.372
340,0,0,2659,1,4.6964,0.323
341,0,0,2659,1,5.0000,0.360
342,0,0,2659,1,5.0476,0.367
343,0,0,2659,1,4.9881,0.359
344,0,0,2659,1,4.9286,0.361
345,0,0,2659,1,5.0000,0.367
346,0,0,2659,1,4.7202,0.319
347,0,0,2659,1,5.0298,0.376
348,0,0,2659,1,4.8869,0.361
349,0,0,2659,1,4.8869,0.344
350,0,0,2659,1,4.8571,0.347
351,0,0,2659,1,4.8869,0.347
352,0,0,2659,1,4.9643,0.328
353,0,0,2659,1,5.1369,0.385
354,0,0,2659,1,4.9048,0.356
355,0,0,2659,1,4.9643,0.394
356,0,0,2659,1,4.8036,0.344
357,0,0,2659,1,4.8393,0.357
358,0,0,2659,1,5.0774,0.412
359,0,0,2659,1,5.0893,0.387
360,0,0,2659,1,5.0833,0.372
361,0,0,2659,1,5.1190,0.391
362,0,0,2659,1,5.0000,0.345
363,0,0,2659,1,4.9107,0.348
364,0,0,2659,1,5.1131,0.363
365,0,0,2659,1,4.9286,0.340
366,0,0,2659,1,5.1548,0.398
367,0,0,2659,1,5.0655,0.383
368,0,0,2659,1,4.5238,0.291
369,0,0,2659,1,4.7679,0.341
370,0,0,2659,1,4.9464,0.347
371,0,0,2659,1,4.7679,0.334
372,0,0,2659,1,5.2857,0.381
373,0,0,2659,1,4.8571,0.324
374,0,0,2659,1,4.7381,0.318
375,0,0,2659,1,4.8631,0.350
376,0,0,2659,1,4.7976,0.341
377,0,0,2659,1,5.0952,0.397
378,0,0,2659,1,4.9643,0.350
379,0,0,2659,1,5.2738,0.396
380,0,0,2659,1,5.0298,0.376
381,0,0,2659,1,4.6726,0.332
382,0,0,2659,1,4.7143,0.334
383,0,0,2659,1,4.7738,0.332
384,0,0,2659,1,4.7440,0.378
385,0,0,2659,1,4.8690,0.349
386,0,0,2659,1,5.2500,0.398
387,1,3,2662,4,5.1310,1.102
388,0,0,2662,1,4.9048,0.350
389,0,0,2662,1,4.6845,0.323
390,0,0,2662,1,4.8988,0.339
391,0,0,2662,1,5.1548,0.374
392,0,0,2662,1,5.3631,0.410
393,0,0,2662,1,5.0060,0.384
394,0,0,2662,1,4.9345,0.361
395,0,0,2662,1,4.9821,0.374
396,0,0,2662,1,4.8750,0.335
397,0,0,2662,1,5.2321,0.373
398,0,0,2662,1,5.1012,0.361
399,1,241,2903,242,5.1131,75.625
400,0,0,2903,1,5.1310,0.431
401,0,0,2903,1,4.6667,0.345
402,0,0,2903,1,4.7976,0.376
403,0,0,2903,1,4.9881,0.377
404,0,0,2903,1,5.1369,0.426
405,0,0,2903,1,4.9405,0.403
406,0,0,2903,1,4.9345,0.373
407,1,9,2912,10,5.1845,1.423
408,0,0,2912,1,5.0833,0.405
409,1,2,2914,3,4.9107,0.472
410,0,0,2914,1,4.9167,0.364
411,0,0,2914,1,5.1607,0.406
412,0,0,2914,1,5.2321,0.411
413,0,0,2914,1,5.2738,0.428
414,1,6,2920,7,4.8988,1.073
415,0,0,2920,1,5.2976,0.429
416,0,0,2920,1,5.2202,0.423
417,0,0,2920,1,4.9821,0.379
418,0,0,2920,1,4.9405,0.393
419,0,0,2920,1,5.1488,0.422
420,0,0,2920,1,4.9762,0.458
421,0,0,2920,1,5.2500,0.427
422,0,0,2920,1,5.1905,0.416
423,0,0,2920,1,4.7798,0.359
424,0,0,2920,1,4.9821,0.401
425,0,0,2920,1,4.8452,0.360
426,0,0,2920,1,5.1607,0.414
427,0,0,2920,1,4.9762,0.404
428,0,0,2920,1,4.8333,0.368
429,0,0,2920,1,5.0714,0.398
430,0,0,2920,1,4.7857,0.379
431,0,0,2920,1,5.3214,0.415
432,0,0,2920,1,5.2024,0.437
433,0,0,2920,1,4.8631,0.362
434,0,0,2920,1,4.8333,0.349
435,0,0,2920,1,5.3274,0.401
436,0,0,2920,1,4.9048,0.379
437,1,1,2921,2,5.0774,0.759
438,0,0,2921,1,4.9762,0.375
439,0,0,2921,1,5.1845,0.394
440,0,0,2921,1,5.0655,0.384
441,0,0,2921,1,5.0357,0.380
442,0,0,2921,1,5.2738,0.409
443,0,0,2921,1,4.7738,0.341
444,0,0,2921,1,5.2202,0.383
445,0,0,2921,1,4.9940,0.374
446,0,0,2921,1,5.3393,0.451
447,0,0,2921,1,4.9286,0.371
448,0,0,2921,1,4.8750,0.427
449,0,0,2921,1,5.0952,0.410
450,0,0,2921,1,4.9702,0.392
451,0,0,2921,1,4.8393,0.382
452,0,0,2921,1,4.8750,0.401
453,0,0,2921,1,5.0833,0.432
454,0,0,2921,1,4.6607,0.346
455,0,0,2921,1,4.8333,0.376
456,0,0,2921,1,4.8810,0.353
457,0,0,2921,1,4.7857,0.362
458,0,0,2921,1,5.3988,0.457
459,0,0,2921,1,4.7917,0.373
460,0,0,2921,1,5.0298,0.365
461,0,0,2921,1,5.1964,0.385
462,0,0,2921,1,5.2321,0.425
463,0,0,2921,1,5.0952,0.376
464,0,0,2921,1,5.0893,0.380
465,0,0,2921,1,5.0119,0.390
466,0,0,2921,1,5.1786,0.433
467,0,0,2921,1,4.8214,0.360
468,0,0,2921,1,4.9464,0.374
469,0,0,2921,1,4.8810,0.356
470,0,0,2921,1,4.7262,0.340
471,0,0,2921,1,5.0952,0.381
472,0,0,2921,1,4.8810,0.385
473,0,0,2921,1,4.6845,0.373
474,0,0,2921,1,4.8929,0.385
475,0,0,2921,1,5.1131,0.415
476,0,0,2921,1,4.7976,0.598
477,1,12,2933,13,5.1905,3.983
478,0,0,2933,1,5.0833,0.386
479,0,0,2933,1,5.0893,0.403
480,0,0,2933,1,4.9167,0.353
481,0,0,2933,1,4.8750,0.377
482,0,0,2933,1,5.3155,0.444
483,0,0,2933,1,5.1667,0.415
484,0,0,2933,1,5.0357,0.385
485,1,4,2937,5,5.2440,2.259
486,0,0,2937,1,4.9405,0.401
487,0,0,2937,1,4.9048,0.383
488,0,0,2937,1,5.1905,0.406
489,0,0,2937,1,4.8452,0.377
490,0,0,2937,1,5.1071,0.389
491,0,0,2937,1,4.7024,0.351
492,1,9,2946,10,5.0774,2.301
493,0,0,2946,1,5.3869,0.467
494,0,0,2946,1,5.0238,0.416
495,0,0,2946,1,4.9940,0.373
496,0,0,2946,1,4.9643,0.386
497,0,0,2946,1,4.5833,0.333
498,0,0,2946,1,5.2321,0.418
499,0,0,2946,1,5.1131,0.399
500,0,0,2946,1,5.3869,0.428
501,1,8,2954,9,5.0714,3.853
502,0,0,2954,1,4.8988,0.368
503,0,0,2954,1,5.1250,0.449
504,0,0,2954,1,5.1607,0.401
505,0,0,2954,1,5.1786,0.656
506,0,0,2954,1,4.6488,0.351
507,0,0,2954,1,4.8810,0.394
508,0,0,2954,1,5.0060,0.397
509,0,0,2954,1,4.8095,0.359
510,0,0,2954,1,4.8393,0.365
511,0,0,2954,1,5.0476,0.466
512,0,0,2954,1,4.9464,0.378
513,0,0,2954,1,4.9702,0.370
514,0,0,2954,1,5.0893,0.397
515,0,0,2954,1,5.0893,0.389
516,0,0,2954,1,4.5714,0.335
517,0,0,2954,1,5.1071,0.383
518,0,0,2954,1,4.7560,0.358
519,0,0,2954,1,5.1488,0.386
520,0,0,2954,1,5.0655,0.384
521,0,0,2954,1,5.1369,0.399
522,0,0,2954,1,5.1548,0.402
523,0,0,2954,1,4.7798,0.366
524,0,0,2954,1,4.9167,0.367
525,0,0,2954,1,5.2024,0.422
526,0,0,2954,1,4.9940,0.382
527,0,0,2954,1,4.9107,0.358
528,0,0,2954,1,5.0060,0.391
529,1,174,3128,175,4.9702,60.881
530,0,0,3128,1,4.5774,0.330
531,0,0,3128,1,5.0595,0.420
532,0,0,3128,1,5.1845,0.459
533,0,0,3128,1,4.9702,0.438
534,0,0,3128,1,5.1131,0.485
535,0,0,3128,1,4.8810,0.425
536,0,0,3128,1,5.1964,0.450
537,1,1,3129,2,4.9821,0.732
538,0,0,3129,1,4.9940,0.392
539,0,0,3129,1,4.8929,0.395
540,0,0,3129,1,4.7024,0.396
541,0,0,3129,1,5.1310,0.417
542,1,3,3132,4,5.2202,1.649
543,0,0,3132,1,5.0238,0.436
544,0,0,3132,1,4.9940,0.400
545,0,0,3132,1,4.9583,0.390
546,0,0,3132,1,5.2500,0.438
547,0,0,3132,1,5.0060,0.429
548,0,0,3132,1,5.1726,0.451
549,0,0,3132,1,4.9286,0.401
550,0,0,3132,1,5.1786,0.426
551,1,2,3134,3,5.1250,0.621
552,0,0,3134,1,4.7917,0.404
553,0,0,3134,1,4.8274,0.404
554,0,0,3134,1,4.8452,0.400
555,0,0,3134,1,5.1071,0.438
556,0,0,3134,1,4.8869,0.402
557,0,0,3134,1,5.4940,0.494
558,0,0,3134,1,5.2560,0.478
559,0,0,3134,1,5.0298,0.419
560,0,0,3134,1,5.3095,0.476
561,0,0,3134,1,4.8869,0.428
562,0,0,3134,1,5.2381,0.442
563,0,0,3134,1,4.8929,0.373
564,0,0,3134,1,5.2500,0.423
565,0,0,3134,1,4.8036,0.401
566,0,0,3134,1,5.0476,0.439
567,0,0,3134,1,5.2202,0.420
568,1,20,3154,21,4.8810,7.654
569,0,0,3154,1,5.1488,0.415
570,0,0,3154,1,5.1905,0.454
571,0,0,3154,1,5.0714,0.433
572,0,0,3154,1,5.1310,0.425
573,0,0,3154,1,4.9940,0.422
574,0,0,3154,1,5.0417,0.415
575,0,0,3154,1,4.6786,0.380
576,0,0,3154,1,5.1429,0.436
577,0,0,3154,1,4.9702,0.409
578,0,0,3154,1,5.2857,0.479
579,0,0,3154,1,5.1964,0.469
580,0,0,3154,1,4.9940,0.431
581,0,0,3154,1,5.0179,0.420
582,0,0,3154,1,5.0119,0.526
583,0,0,3154,1,4.8095,0.372
584,1,50,3204,51,5.1964,18.400
585,0,0,3204,1,5.2262,0.445
586,0,0,3204,1,4.8452,0.373
587,1,2,3206,3,5.2560,1.281
588,0,0,3206,1,5.1726,0.415
589,0,0,3206,1,5.1905,0.425
590,0,0,3206,1,4.9702,0.393
591,0,0,3206,1,5.0655,0.423
592,0,0,3206,1,5.0833,0.417
593,0,0,3206,1,4.8869,0.385
594,0,0,3206,1,4.7679,0.393
595,0,0,3206,1,4.9583,0.399
596,0,0,3206,1,5.0655,0.407
597,0,0,3206,1,4.7857,0.395
598,0,0,3206,1,5.1071,0.430
599,0,0,3206,1,4.9464,0.419
600,0,0,3206,1,4.9881,0.437
601,0,0,3206,1,5.1071,0.403
602,0,0,3206,1,5.4226,0.467
603,0,0,3206,1,4.8274,0.393
604,0,0,3206,1,5.1250,0.431
605,0,0,3206,1,5.0833,0.432
606,0,0,3206,1,5.0179,0.418
607,0,0,3206,1,5.2440,0.474
608,0,0,3206,1,4.8333,0.371
609,0,0,3206,1,4.9524,0.409
610,0,0,3206,1,4.8750,0.396
611,0,0,3206,1,5.0119,0.385
612,0,0,3206,1,5.0298,0.415
613,0,0,3206,1,4.7440,0.380
614,0,0,3206,1,5.0357,0.425
615,0,0,3206,1,4.9583,0.390
616,0,0,3206,1,4.9226,0.414
617,0,0,3206,1,4.6429,0.358
618,0,0,3206,1,5.2143,0.428
619,0,0,3206,1,5.2024,0.434
620,0,0,3206,1,5.0893,0.429
621,0,0,3206,1,4.9940,0.393
622,0,0,3206,1,5.2024,0.466
623,0,0,3206,1,4.7679,0.369
624,0,0,3206,1,4.7202,0.358
625,0,0,3206,1,4.7679,0.400
626,0,0,3206,1,4.9702,0.394
627,0,0,3206,1,4.9048,0.380
628,0,0,3206,1,5.0833,0.443
629,0,0,3206,1,5.3452,0.487
630,0,0,3206,1,4.7798,0.403
631,0,0,3206,1,4.9762,0.423
632,0,0,3206,1,4.7560,0.379
633,0,0,3206,1,5.2024,0.464
634,0,0,3206,1,4.7976,0.432
635,0,0,3206,1,4.7024,0.382
636,0,0,3206,1,5.2857,0.466
637,0,0,3206,1,4.9881,0.429
638,0,0,3206,1,5.0476,0.406
639,0,0,3206,1,5.0595,0.402
640,0,0,3206,1,4.7917,0.374
641,0,0,3206,1,4.8929,0.395
642,0,0,3206,1,5.0714,0.402
643,0,0,3206,1,5.1845,0.415
644,0,0,3206,1,5.1667,0.431
645,0,0,3206,1,4.7262,0.381
646,0,0,3206,1,4.8988,0.377
647,0,0,3206,1,5.1429,0.417
648,0,0,3206,1,5.0774,0.441
649,0,0,3206,1,4.9405,0.386
650,0,0,3206,1,4.8095,0.367
651,0,0,3206,1,4.9286,0.397
652,0,0,3206,1,4.9524,0.405
653,0,0,3206,1,5.2440,0.453
654,0,0,3206,1,4.9821,0.419
655,0,0,3206,1,5.0655,0.400
656,0,0,3206,1,5.2857,0.453
657,0,0,3206,1,4.8810,0.377
658,0,0,3206,1,4.8333,0.394
659,0,0,3206,1,4.9524,0.398
660,1,9,3215,10,5.2917,1.890
661,0,0,3215,1,4.9940,0.432
662,0,0,3215,1,5.0595,0.398
663,0,0,3215,1,4.8690,0.369
664,0,0,3215,1,4.7798,0.371
665,0,0,3215,1,5.1190,0.419
666,0,0,3215,1,4.9583,0.387
667,0,0,3215,1,4.8036,0.375
668,0,0,3215,1,4.9107,0.379
669,0,0,3215,1,4.9464,0.404
670,0,0,3215,1,4.8750,0.388
671,0,0,3215,1,4.9821,0.409
672,0,0,3215,1,4.9762,0.420
673,0,0,3215,1,5.2143,0.421
674,0,0,3215,1,4.7560,0.374
675,0,0,3215,1,5.0714,0.422
676,0,0,3215,1,4.7917,0.372
677,0,0,3215,1,4.8988,0.398
678,0,0,3215,1,5.0417,0.408
679,0,0,3215,1,4.9762,0.395
680,0,0,3215,1,5.1488,0.457
681,0,0,3215,1,4.7857,0.453
682,0,0,3215,1,5.2083,0.460
683,0,0,3215,1,5.1369,0.463
684,0,0,3215,1,4.6845,0.369
685,0,0,3215,1,5.0595,0.416
686,0,0,3215,1,4.6786,0.369
687,0,0,3215,1,4.7143,0.395
688,0,0,3215,1,4.7679,0.396
689,0,0,3215,1,4.8869,0.407
690,0,0,3215,1,5.1964,0.455
691,0,0,3215,1,4.8155,0.382
692,0,0,3215,1,5.1190,0.444
693,0,0,3215,1,4.8988,0.399
694,0,0,3215,1,5.1310,0.427
695,0,0,3215,1,4.7381,0.373
696,0,0,3215,1,5.0476,0.405
697,0,0,3215,1,4.9940,0.423
698,0,0,3215,1,4.9821,0.403
699,0,0,3215,1,4.9762,0.399
700,0,0,3215,1,5.0238,0.459
701,0,0,3215,1,5.0655,0.416
702,0,0,3215,1,5.2619,0.417
703,0,0,3215,1,4.7738,0.354
704,0,0,3215,1,5.0833,0.437
705,0,0,3215,1,4.9167,0.460
706,0,0,3215,1,5.1607,0.439
707,0,0,3215,1,4.8274,0.377
708,0,0,3215,1,5.0595,0.416
709,0,0,3215,1,5.0952,0.435
710,0,0,3215,1,4.9226,0.408
711,0,0,3215,1,5.0774,0.413
712,0,0,3215,1,4.8929,0.404
713,0,0,3215,1,4.8690,0.404
714,0,0,3215,1,4.7679,0.360
715,0,0,3215,1,5.2202,0.455
716,0,0,3215,1,5.1548,0.418
717,0,0,3215,1,5.0952,0.439
718,0,0,3215,1,5.3095,0.454
719,0,0,3215,1,4.9702,0.446
720,0,0,3215,1,4.9405,0.413
721,0,0,3215,1,4.8512,0.387
722,0,0,3215,1,5.4286,0.482
723,0,0,3215,1,5.0774,0.426
724,0,0,3215,1,5.0179,0.387
725,0,0,3215,1,5.0833,0.434
726,0,0,3215,1,5.2083,0.415
727,0,0,3215,1,5.0952,0.397
728,0,0,3215,1,5.0476,0.434
729,0,0,3215,1,5.0595,0.426
730,0,0,3215,1,4.9583,0.448
731,0,0,3215,1,4.9524,0.413
732,0,0,3215,1,4.7738,0.399
733,0,0,3215,1,5.0536,0.423
734,0,0,3215,1,5.1607,0.456
735,0,0,3215,1,5.3869,0.493
736,0,0,3215,1,5.2798,0.451
737,0,0,3215,1,4.9881,0.436
738,0,0,3215,1,4.6429,0.353
739,0,0,3215,1,5.1964,0.479
740,0,0,3215,1,4.9226,0.397
741,0,0,3215,1,4.5893,0.720
742,0,0,3215,1,5.0119,0.401
743,0,0,3215,1,5.0476,0.426
744,0,0,3215,1,4.8512,0.394
745,0,0,3215,1,4.8810,0.403
746,0,0,3215,1,4.9762,0.417
747,0,0,3215,1,5.0774,0.446
748,1,78,3293,79,5.1786,9.391
749,0,0,3293,1,5.0536,0.445
750,0,0,3293,1,4.8512,0.412
751,0,0,3293,1,4.8750,0.380
752,0,0,3293,1,5.0119,0.429
753,0,0,3293,1,5.1190,0.434
754,0,0,3293,1,4.9286,0.408
755,0,0,3293,1,4.7560,0.390
756,0,0,3293,1,4.7619,0.377
757,0,0,3293,1,5.0060,0.630
758,0,0,3293,1,4.9405,0.407
759,1,61,3354,62,4.9821,1.906
760,0,0,3354,1,4.8690,0.412
761,0,0,3354,1,5.3155,0.476
762,0,0,3354,1,5.2202,0.483
763,0,0,3354,1,5.0000,0.418
764,0,0,3354,1,5.0357,0.433
765,0,0,3354,1,5.2143,0.986
766,0,0,3354,1,5.2976,0.498
767,0,0,3354,1,4.9286,0.605
768,0,0,3354,1,5.0298,0.468
769,0,0,3354,1,4.9464,0.429
770,0,0,3354,1,4.9464,0.420
771,0,0,3354,1,4.9881,1.971
772,0,0,3354,1,5.1548,0.444
773,0,0,3354,1,4.9286,0.434
774,0,0,3354,1,5.0714,0.473
775,0,0,3354,1,5.1429,0.478
776,0,0,3354,1,4.8631,0.405
777,0,0,3354,1,4.6905,0.360
778,0,0,3354,1,5.0000,0.419
779,0,0,3354,1,4.9702,0.421
780,0,0,3354,1,4.8333,0.397
781,0,0,3354,1,4.9881,0.404
782,0,0,3354,1,5.1905,0.453
783,0,0,3354,1,5.1310,0.449
784,0,0,3354,1,5.2262,0.441
785,0,0,3354,1,4.9940,0.444
786,0,0,3354,1,5.1667,0.444
787,0,0,3354,1,5.0476,0.421
788,0,0,3354,1,5.4464,0.531
789,0,0,3354,1,5.1429,0.444
790,0,0,3354,1,4.9524,0.446
791,0,0,3354,1,5.0238,0.415
792,0,0,3354,1,5.0060,0.484
793,0,0,3354,1,4.9702,0.419
794,0,0,3354,1,5.1667,0.434
795,0,0,3354,1,4.8214,0.396
796,0,0,3354,1,4.7619,0.390
797,0,0,3354,1,4.9167,0.391
798,0,0,3354,1,5.1071,0.415
799,0,0,3354,1,4.7202,0.390
800,0,0,3354,1,5.0238,0.416
801,0,0,3354,1,5.2143,0.450
802,0,0,3354,1,5.3512,0.466
803,0,0,3354,1,4.8869,0.416
804,0,0,3354,1,4.8810,0.384
805,0,0,3354,1,5.0893,0.433
806,0,0,3354,1,4.8571,0.391
807,0,0,3354,1,4.9286,0.411
808,0,0,3354,1,5.1667,0.448
809,0,0,3354,1,5.0238,0.418
810,0,0,3354,1,5.0060,0.424
811,1,1,3355,2,5.0536,0.496
812,0,0,3355,1,4.8750,0.374
813,0,0,3355,1,4.8571,0.405
814,0,0,3355,1,4.8929,0.421
815,0,0,3355,1,4.7262,0.387
816,0,0,3355,1,5.2024,0.466
817,0,0,3355,1,5.0000,0.411
818,0,0,3355,1,5.0893,0.468
819,0,0,3355,1,4.7262,0.396
820,1,3,3358,4,4.8274,0.533
821,0,0,3358,1,5.1726,0.504
822,0,0,3358,1,4.7560,0.386
823,0,0,3358,1,4.8869,0.424
824,0,0,3358,1,5.1488,0.461
825,0,0,3358,1,5.2083,0.497
826,0,0,3358,1,4.9821,0.414
827,0,0,3358,1,4.5893,0.369
828,0,0,3358,1,4.8274,0.375
829,0,0,3358,1,4.9405,0.406
830,0,0,3358,1,4.9821,0.399
831,0,0,3358,1,4.9940,0.396
832,0,0,3358,1,5.1190,0.417
833,0,0,3358,1,4.5298,0.355
834,0,0,3358,1,4.8869,0.399
835,0,0,3358,1,4.7560,0.412
836,0,0,3358,1,4.9643,0.412
837,0,0,3358,1,4.9286,0.422
838,0,0,3358,1,5.0536,0.437
839,0,0,3358,1,4.9048,0.417
840,0,0,3358,1,5.0119,0.439
841,0,0,3358,1,5.1012,0.477
842,0,0,3358,1,4.8810,0.403
843,0,0,3358,1,5.1429,0.465
844,0,0,3358,1,4.9524,0.436
845,0,0,3358,1,4.9345,0.432
846,0,0,3358,1,4.9762,0.438
847,0,0,3358,1,5.4821,0.532
848,0,0,3358,1,5.3095,0.473
849,0,0,3358,1,4.9286,0.420
850,0,0,3358,1,4.9405,0.390
851,0,0,3358,1,5.0952,0.416
852,0,0,3358,1,4.9286,0.403
853,0,0,3358,1,5.0417,0.408
854,0,0,3358,1,5.0655,0.427
855,0,0,3358,1,5.2202,0.510
856,0,0,3358,1,4.5833,0.419
857,0,0,3358,1,4.8452,0.471
858,0,0,3358,1,4.9226,0.414
859,0,0,3358,1,4.9583,0.417
860,0,0,3358,1,5.0357,0.406
861,0,0,3358,1,5.1369,0.625
862,0,0,3358,1,4.8869,0.390
863,0,0,3358,1,5.0238,0.416
864,0,0,3358,1,4.7738,0.381
865,0,0,3358,1,5.1250,0.448
866,0,0,3358,1,4.9524,0.432
867,0,0,3358,1,5.0060,0.575
868,0,0,3358,1,5.2679,0.449
869,0,0,3358,1,5.1607,0.435
870,0,0,3358,1,5.0833,0.433
871,0,0,3358,1,4.9226,0.550
872,0,0,3358,1,5.1250,0.522
873,0,0,3358,1,4.9464,0.407
874,0,0,3358,1,5.0536,0.458
875,0,0,3358,1,5.0357,0.597
876,1,2,3360,3,4.9702,0.754
877,0,0,3360,1,4.8214,0.427
878,0,0,3360,1,4.9583,0.435
879,0,0,3360,1,4.9345,0.390
880,0,0,3360,1,4.9821,0.424
881,0,0,3360,1,5.2500,0.479
882,0,0,3360,1,4.9821,0.413
883,0,0,3360,1,4.9643,0.425
884,0,0,3360,1,4.8274,0.404
885,0,0,3360,1,5.1429,0.439
886,0,0,3360,1,5.1071,0.451
887,0,0,3360,1,4.8988,0.428
888,0,0,3360,1,4.8095,0.416
889,0,0,3360,1,4.8988,0.370
890,0,0,3360,1,4.8036,0.412
891,0,0,3360,1,5.0774,0.464
892,0,0,3360,1,5.3512,0.465
893,0,0,3360,1,4.9702,0.416
894,0,0,3360,1,4.8810,0.410
895,0,0,3360,1,5.0893,0.418
896,0,0,3360,1,4.8393,0.389
897,0,0,3360,1,4.9345,0.408
898,0,0,3360,1,4.7262,0.390
899,0,0,3360,1,4.8690,0.393
900,0,0,3360,1,5.1667,0.458
901,0,0,3360,1,5.0893,0.432
902,1,100,3460,101,4.9881,14.828
903,0,0,3460,1,4.8214,0.405
904,0,0,3460,1,4.9524,0.442
905,0,0,3460,1,5.0357,0.446
906,0,0,3460,1,4.9583,0.432
907,0,0,3460,1,4.8452,0.408
908,0,0,3460,1,4.8810,0.439
909,0,0,3460,1,4.7798,0.390
910,0,0,3460,1,5.2143,0.449
911,0,0,3460,1,4.9345,0.410
912,0,0,3460,1,5.1905,0.449
913,0,0,3460,1,4.8571,0.403
914,0,0,3460,1,4.9643,0.422
915,0,0,3460,1,5.1190,0.464
916,0,0,3460,1,5.0179,0.428
917,0,0,3460,1,5.2619,0.461
918,0,0,3460,1,5.0000,0.421
919,0,0,3460,1,4.9940,0.405
920,0,0,3460,1,4.8750,0.390
921,0,0,3460,1,4.9524,0.422
922,0,0,3460,1,4.9107,0.395
923,0,0,3460,1,4.9167,0.406
924,0,0,3460,1,4.7560,0.404
925,0,0,3460,1,5.1369,0.433
926,0,0,3460,1,5.1250,0.424
927,0,0,3460,1,5.0833,0.409
928,0,0,3460,1,5.3810,0.444
929,1,29,3489,30,5.2798,15.809
930,0,0,3489,1,4.9940,0.427
931,0,0,3489,1,4.8036,0.392
932,0,0,3489,1,5.2262,0.484
933,0,0,3489,1,5.2143,0.479
934,0,0,3489,1,4.6845,0.391
935,0,0,3489,1,5.0060,0.418
936,0,0,3489,1,5.3155,0.481
937,0,0,3489,1,4.7500,0.395
938,0,0,3489,1,4.9048,0.393
939,0,0,3489,1,4.9524,0.404
940,0,0,3489,1,4.8333,0.409
941,0,0,3489,1,5.0595,0.441
942,0,0,3489,1,4.9464,0.419
943,0,0,3489,1,4.9821,0.433
944,0,0,3489,1,4.9821,0.417
945,0,0,3489,1,4.7262,0.388
946,0,0,3489,1,4.7798,0.424
947,0,0,3489,1,5.2262,0.467
948,1,1,3490,2,5.3036,0.704
949,0,0,3490,1,5.0179,0.458
950,0,0,3490,1,5.0476,0.448
951,0,0,3490,1,4.8869,0.407
952,1,5,3495,6,4.7321,1.526
953,0,0,3495,1,5.1726,0.490
954,0,0,3495,1,5.2679,0.500
955,0,0,3495,1,4.8393,0.438
956,0,0,3495,1,5.0714,0.459
957,0,0,3495,1,5.1190,0.468
958,0,0,3495,1,5.1488,0.493
959,0,0,3495,1,5.0298,0.476
960,0,0,3495,1,4.9583,0.432
961,0,0,3495,1,5.0060,0.422
962,0,0,3495,1,5.2440,0.439
963,0,0,3495,1,4.7321,0.367
964,0,0,3495,1,4.8988,0.423
965,0,0,3495,1,5.0595,0.448
966,0,0,3495,1,4.8571,0.408
967,0,0,3495,1,4.7560,0.384
968,0,0,3495,1,4.9940,0.439
969,0,0,3495,1,5.0655,0.443
970,0,0,3495,1,5.0179,0.439
971,0,0,3495,1,5.0238,0.423
972,0,0,3495,1,5.0179,0.438
973,0,0,3495,1,4.9762,0.437
974,0,0,3495,1,4.7679,0.439
975,0,0,3495,1,4.9821,0.439
976,0,0,3495,1,5.2679,0.476
977,0,0,3495,1,4.9167,0.412
978,0,0,3495,1,4.9048,0.440
979,0,0,3495,1,5.0179,0.466
980,0,0,3495,1,4.9226,0.410
981,0,0,3495,1,5.0119,0.436
982,0,0,3495,1,4.9345,0.413
983,0,0,3495,1,5.0357,0.457
984,0,0,3495,1,4.9048,0.437
985,0,0,3495,1,4.5893,0.377
986,1,1,3496,2,5.0476,0.854
987,0,0,3496,1,5.3750,0.506
988,1,5,3501,6,5.3333,0.727
989,0,0,3501,1,4.9762,0.472
990,0,0,3501,1,4.9524,0.418
991,0,0,3501,1,4.7857,0.408
992,0,0,3501,1,4.7560,0.379
993,0,0,3501,1,5.0179,0.435
994,0,0,3501,1,4.7500,0.408
995,0,0,3501,1,4.9226,0.412
996,0,0,3501,1,4.9107,0.416
997,0,0,3501,1,5.0714,0.425
998,0,0,3501,1,5.1190,0.447
999,0,0,3501,1,4.8512,0.384
1000,0,0,3501,1,5.1726,0.459
1001,0,0,3501,1,5.2798,0.493
1002,0,0,3501,1,4.9405,0.424
1003,0,0,3501,1,4.9583,0.418
1004,0,0,3501,1,5.0357,0.438
1005,0,0,3501,1,4.9643,0.445
1006,0,0,3501,1,5.0714,0.470
1007,0,0,3501,1,5.0000,0.461
1008,0,0,3501,1,4.8214,0.430
1009,0,0,3501,1,5.2440,0.504
1010,0,0,3501,1,4.9524,0.474
1011,0,0,3501,1,5.0833,0.515
1012,0,0,3501,1,4.8690,0.458
1013,0,0,3501,1,5.0417,0.441
1014,0,0,3501,1,4.9226,0.424
1015,0,0,3501,1,4.8631,0.402
1016,0,0,3501,1,5.3571,0.483
1017,0,0,3501,1,5.0655,0.431
1018,0,0,3501,1,5.0536,0.443
1019,0,0,3501,1,4.8274,0.390
1020,0,0,3501,1,4.6369,0.367
1021,0,0,3501,1,5.0952,0.449
1022,0,0,3501,1,4.7321,0.384
1023,0,0,3501,1,4.9940,0.422
1024,0,0,3501,1,4.7679,0.415
1025,0,0,3501,1,4.9226,0.420
1026,0,0,3501,1,4.9345,0.424
1027,0,0,3501,1,4.9107,0.429
1028,0,0,3501,1,4.6726,0.378
1029,0,0,3501,1,5.0060,0.466
1030,0,0,3501,1,5.0655,0.492
1031,0,0,3501,1,5.2440,0.497
1032,0,0,3501,1,5.1310,0.463
1033,0,0,3501,1,4.9226,0.436
1034,0,0,3501,1,4.6369,0.383
1035,0,0,3501,1,4.8929,0.452
1036,0,0,3501,1,5.0655,0.424
1037,0,0,3501,1,4.9286,0.432
1038,0,0,3501,1,4.7738,0.411
1039,0,0,3501,1,4.8155,0.394
1040,0,0,3501,1,4.8690,0.433
1041,0,0,3501,1,4.8571,0.443
1042,0,0,3501,1,4.9940,0.458
1043,0,0,3501,1,4.7560,0.395
1044,0,0,3501,1,5.0179,0.455
1045,0,0,3501,1,4.6726,0.398
1046,0,0,3501,1,5.1250,0.441
1047,0,0,3501,1,4.8690,0.419
1048,0,0,3501,1,4.8631,0.414
1049,0,0,3501,1,5.0298,0.429
1050,0,0,3501,1,5.0476,0.442
1051,0,0,3501,1,4.9405,0.404
1052,0,0,3501,1,5.1012,0.431
1053,0,0,3501,1,5.2083,0.479
1054,0,0,3501,1,4.7440,0.492
1055,0,0,3501,1,4.8095,0.393
1056,0,0,3501,1,5.0476,0.448
1057,0,0,3501,1,5.0595,0.450
1058,0,0,3501,1,4.9524,0.450
1059,1,2022,5523,2000,4.6250,1295.747
1060,1,1,5524,2,4.9583,0.696
1061,0,0,5524,1,5.1131,0.695
1062,0,0,5524,1,4.9881,0.655
1063,0,0,5524,1,5.1786,0.677
1064,0,0,5524,1,4.9643,0.635
1065,0,0,5524,1,5.4286,0.755
1066,0,0,5524,1,4.9345,0.678
1067,0,0,5524,1,5.0595,0.656
1068,0,0,5524,1,4.9286,0.732
1069,1,30,5554,31,5.1131,15.729
1070,0,0,5554,1,5.4940,0.761
1071,0,0,5554,1,5.0238,0.652
1072,0,0,5554,1,4.8571,0.613
1073,0,0,5554,1,4.8036,0.620
1074,0,0,5554,1,4.8095,0.601
1075,0,0,5554,1,5.1369,0.656
1076,0,0,5554,1,4.7560,0.601
1077,0,0,5554,1,4.8810,0.656
1078,0,0,5554,1,4.9167,0.642
1079,0,0,5554,1,4.9524,0.644
1080,0,0,5554,1,5.0357,0.675
1081,0,0,5554,1,4.8690,0.674
1082,0,0,5554,1,5.2440,0.740
1083,0,0,5554,1,5.2321,0.691
1084,0,0,5554,1,4.8393,0.625
1085,0,0,5554,1,5.0714,0.660
1086,0,0,5554,1,4.9405,0.638
1087,0,0,5554,1,4.8869,0.616
1088,0,0,5554,1,4.8155,0.621
1089,0,0,5554,1,5.1071,0.639
1090,0,0,5554,1,4.9107,0.994
1091,0,0,5554,1,5.0298,1.286
1092,0,0,5554,1,5.1071,0.654
1093,1,3,5557,4,5.2024,1.505
1094,0,0,5557,1,5.0000,0.632
1095,0,0,5557,1,4.9762,0.647
1096,1,11,5568,12,5.3155,7.274
1097,0,0,5568,1,4.8929,0.593
1098,0,0,5568,1,5.1131,0.713
1099,0,0,5568,1,4.7560,0.613
1100,0,0,5568,1,4.8512,0.623
1101,0,0,5568,1,5.0595,0.732
1102,0,0,5568,1,4.6964,0.800
1103,0,0,5568,1,4.9940,0.630
1104,0,0,5568,1,4.8869,0.628
1105,0,0,5568,1,4.9940,0.640
1106,0,0,5568,1,4.6131,0.550
1107,0,0,5568,1,5.0000,0.669
1108,0,0,5568,1,5.1488,0.695
1109,0,0,5568,1,5.0714,0.673
1110,0,0,5568,1,5.1607,0.712
1111,0,0,5568,1,5.0357,0.641
1112,0,0,5568,1,5.3036,0.763
1113,0,0,5568,1,5.0476,0.698
1114,0,0,5568,1,5.1429,0.691
1115,0,0,5568,1,5.0655,0.683
1116,0,0,5568,1,5.0238,0.667
1117,0,0,5568,1,5.0655,0.645
1118,0,0,5568,1,5.2202,0.671
1119,0,0,5568,1,5.0417,0.642
1120,0,0,5568,1,5.5000,0.775
1121,0,0,5568,1,4.6964,0.558
1122,0,0,5568,1,5.2262,0.695
1123,0,0,5568,1,4.9583,0.631
1124,0,0,5568,1,5.1429,0.681
1125,0,0,5568,1,4.9583,0.642
1126,0,0,5568,1,4.7738,0.585
1127,0,0,5568,1,4.9286,0.647
1128,0,0,5568,1,4.8869,0.593
1129,0,0,5568,1,4.6548,0.587
1130,0,0,5568,1,5.1190,0.715
1131,0,0,5568,1,4.8036,0.626
1132,0,0,5568,1,4.7738,0.631
1133,0,0,5568,1,5.2202,0.714
1134,0,0,5568,1,5.1012,0.675
1135,0,0,5568,1,5.2083,0.692
1136,0,0,5568,1,5.4048,0.762
1137,0,0,5568,1,4.8810,0.607
1138,0,0,5568,1,4.9345,0.611
1139,0,0,5568,1,4.6429,0.570
1140,0,0,5568,1,4.7679,0.592
1141,0,0,5568,1,5.0893,0.684
1142,0,0,5568,1,4.9345,0.655
1143,0,0,5568,1,5.2321,0.692
1144,0,0,5568,1,4.7857,0.579
1145,0,0,5568,1,5.1310,0.727
1146,0,0,5568,1,5.0476,0.646
1147,0,0,5568,1,5.2024,0.686
1148,0,0,5568,1,5.1786,0.711
1149,0,0,5568,1,5.0000,0.681
1150,0,0,5568,1,4.8631,0.622
1151,1,1,5569,2,4.9167,1.265
1152,0,0,5569,1,4.8929,0.625
1153,0,0,5569,1,4.8690,0.623
1154,0,0,5569,1,4.9226,0.671
1155,0,0,5569,1,4.8750,0.599
1156,0,0,5569,1,5.0119,0.658
1157,0,0,5569,1,4.9167,0.686
1158,0,0,5569,1,5.1667,0.668
1159,0,0,5569,1,4.9702,0.621
1160,0,0,5569,1,4.8155,0.632
1161,0,0,5569,1,5.1548,0.673
1162,0,0,5569,1,4.9643,0.610
1163,0,0,5569,1,4.6369,0.596
1164,0,0,5569,1,5.1012,0.680
1165,0,0,5569,1,5.1250,0.699
1166,0,0,5569,1,4.7738,0.581
1167,0,0,5569,1,5.0833,0.672
1168,0,0,5569,1,5.1310,0.672
1169,0,0,5569,1,4.7738,0.601
1170,0,0,5569,1,5.0952,0.668
1171,1,14,5583,15,4.9702,4.336
1172,0,0,5583,1,5.0833,0.684
1173,0,0,5583,1,4.9405,0.634
1174,0,0,5583,1,5.1012,0.659
1175,0,0,5583,1,4.8333,0.610
1176,1,6,5589,7,4.7738,3.642
1177,0,0,5589,1,5.0476,0.649
1178,0,0,5589,1,5.0774,0.688
1179,0,0,5589,1,5.2560,1.897
1180,0,0,5589,1,5.1131,0.641
1181,0,0,5589,1,5.0298,0.639
1182,0,0,5589,1,4.8571,0.600
1183,0,0,5589,1,5.0417,0.675
1184,0,0,5589,1,5.1310,0.667
1185,0,0,5589,1,4.8571,0.622
1186,0,0,5589,1,5.0179,0.660
1187,0,0,5589,1,5.0714,0.655
1188,0,0,5589,1,5.0238,0.658
1189,0,0,5589,1,5.0774,0.637
1190,0,0,5589,1,4.9048,0.629
1191,0,0,5589,1,5.2440,0.713
1192,0,0,5589,1,4.7679,0.595
1193,0,0,5589,1,4.8929,0.611
1194,1,1,5590,2,5.0357,1.167
1195,0,0,5590,1,4.9762,0.651
1196,0,0,5590,1,5.1429,0.685
1197,0,0,5590,1,5.1012,0.675
1198,0,0,5590,1,5.0655,0.667
1199,0,0,5590,1,5.0179,0.607
1200,0,0,5590,1,4.9940,0.599
1201,0,0,5590,1,5.3393,0.709
1202,0,0,5590,1,4.9762,0.613
1203,0,0,5590,1,4.7857,0.561
1204,0,0,5590,1,5.1667,0.662
1205,0,0,5590,1,5.1429,0.663
1206,0,0,5590,1,5.0833,0.636
1207,0,0,5590,1,5.0536,0.604
1208,0,0,5590,1,4.9762,0.603
1209,1,32,5622,33,4.8631,14.381
1210,0,0,5622,1,5.0595,0.641
1211,0,0,5622,1,5.0417,0.630
1212,1,1,5623,2,5.2560,1.089
1213,0,0,5623,1,4.9881,0.629
1214,0,0,5623,1,4.9583,0.619
1215,0,0,5623,1,4.5595,0.533
1216,1,30,5653,31,5.0536,18.188
1217,0,0,5653,1,5.0774,0.618
1218,0,0,5653,1,5.3631,0.709
1219,0,0,5653,1,5.2679,0.678
1220,0,0,5653,1,5.0060,0.664
1221,0,0,5653,1,5.2083,0.673
1222,1,3,5656,4,5.2143,2.554
1223,0,0,5656,1,4.9643,0.632
1224,0,0,5656,1,5.0119,0.628
1225,0,0,5656,1,4.9048,0.641
1226,0,0,5656,1,4.8810,0.584
1227,0,0,5656,1,4.9940,0.628
1228,0,0,5656,1,5.0060,0.651
1229,0,0,5656,1,4.6310,0.540
1230,0,0,5656,1,5.2619,0.730
1231,0,0,5656,1,5.0179,0.618
1232,0,0,5656,1,5.0060,0.729
1233,0,0,5656,1,5.0833,0.674
1234,0,0,5656,1,4.8929,0.609
1235,0,0,5656,1,4.9226,0.624
1236,0,0,5656,1,4.7202,0.560
1237,0,0,5656,1,5.0000,0.668
1238,0,0,5656,1,5.3036,0.698
1239,0,0,5656,1,5.0476,0.626
1240,0,0,5656,1,5.0119,0.640
1241,0,0,5656,1,4.7143,0.596
1242,0,0,5656,1,4.9226,0.634
1243,0,0,5656,1,4.9345,0.600
1244,0,0,5656,1,4.8571,0.596
1245,0,0,5656,1,4.9881,0.587
1246,0,0,5656,1,5.0357,0.619
1247,0,0,5656,1,5.0536,0.674
1248,0,0,5656,1,5.1131,0.690
1249,0,0,5656,1,5.1250,0.644
1250,0,0,5656,1,4.8393,0.601
1251,0,0,5656,1,4.9167,0.603
1252,0,0,5656,1,5.1548,0.655
1253,0,0,5656,1,5.0952,1.151
1254,0,0,5656,1,5.2024,0.677
1255,0,0,5656,1,4.8690,0.572
1256,0,0,5656,1,5.1548,0.628
1257,0,0,5656,1,4.9643,0.615
1258,0,0,5656,1,4.8036,0.629
1259,0,0,5656,1,5.0060,0.640
1260,0,0,5656,1,5.0119,0.633
1261,0,0,5656,1,5.0952,0.664
1262,1,10,5666,11,5.2381,3.249
1263,0,0,5666,1,4.9821,0.606
1264,0,0,5666,1,5.0298,0.645
1265,0,0,5666,1,5.3036,0.708
1266,0,0,5666,1,4.9881,0.643
1267,0,0,5666,1,4.9643,0.662
1268,0,0,5666,1,4.8333,0.617
1269,0,0,5666,1,5.0893,0.691
1270,0,0,5666,1,4.8631,0.625
1271,0,0,5666,1,5.1726,0.697
1272,0,0,5666,1,5.2917,0.723
1273,0,0,5666,1,5.1726,0.736
1274,0,0,5666,1,4.8988,0.640
1275,0,0,5666,1,4.9286,0.646
1276,0,0,5666,1,5.1190,0.714
1277,0,0,5666,1,4.7560,0.602
1278,0,0,5666,1,4.8929,0.652
1279,0,0,5666,1,4.9643,0.657
1280,0,0,5666,1,4.8571,0.618
1281,0,0,5666,1,5.1845,0.718
1282,0,0,5666,1,4.9048,0.663
1283,0,0,5666,1,4.7798,0.618
1284,0,0,5666,1,4.9643,0.675
1285,0,0,5666,1,5.3452,0.813
1286,1,2,5668,3,4.9702,1.326
1287,0,0,5668,1,5.0298,0.667
1288,0,0,5668,1,4.8690,0.603
1289,0,0,5668,1,5.1905,0.675
1290,0,0,5668,1,5.1548,0.672
1291,0,0,5668,1,5.2917,0.701
1292,0,0,5668,1,5.2024,0.687
1293,0,0,5668,1,5.0119,0.622
1294,0,0,5668,1,4.7857,0.610
1295,0,0,5668,1,5.1726,0.688
1296,1,2002,7670,2000,3.9940,1521.318
1297,0,0,7670,1,5.3869,1.018
1298,0,0,7670,1,5.2321,1.003
1299,0,0,7670,1,4.9464,0.816
1300,0,0,7670,1,4.8810,0.893
1301,0,0,7670,1,4.8929,0.808
1302,0,0,7670,1,4.7738,0.793
1303,0,0,7670,1,4.7440,0.761
1304,0,0,7670,1,4.9940,0.824
1305,0,0,7670,1,4.7976,0.757
1306,0,0,7670,1,5.0119,0.958
1307,0,0,7670,1,5.0595,0.938
1308,0,0,7670,1,4.7738,0.832
1309,0,0,7670,1,4.9524,0.902
1310,0,0,7670,1,5.0893,0.960
1311,0,0,7670,1,5.0238,0.871
1312,0,0,7670,1,5.2857,0.966
1313,0,0,7670,1,5.2976,0.946
1314,0,0,7670,1,4.9107,0.850
1315,0,0,7670,1,4.7857,0.786
1316,0,0,7670,1,4.7798,0.855
1317,0,0,7670,1,4.7321,0.762
1318,0,0,7670,1,4.9464,0.999
1319,0,0,7670,1,5.0417,0.903
1320,0,0,7670,1,5.0417,0.896
1321,0,0,7670,1,4.9048,0.905
1322,0,0,7670,1,5.1548,0.866
1323,0,0,7670,1,4.6786,0.776
1324,0,0,7670,1,5.1190,0.923
1325,0,0,7670,1,4.6369,0.871
1326,0,0,7670,1,4.8452,0.783
1327,0,0,7670,1,4.9286,0.797
1328,0,0,7670,1,5.0952,0.832
1329,0,0,7670,1,5.3869,0.980
1330,0,0,7670,1,5.1369,0.865
1331,0,0,7670,1,5.1548,0.914
1332,0,0,7670,1,4.9226,0.854
1333,1,1,7671,2,4.9881,1.300
1334,0,0,7671,1,4.8988,0.872
1335,0,0,7671,1,4.9048,0.893
1336,0,0,7671,1,4.9107,0.807
1337,0,0,7671,1,5.2976,0.932
1338,0,0,7671,1,4.9702,0.812
1339,0,0,7671,1,5.2381,0.921
1340,0,0,7671,1,5.2857,0.971
1341,0,0,7671,1,4.9464,0.835
1342,0,0,7671,1,4.7440,0.773
1343,0,0,7671,1,4.8393,0.800
1344,0,0,7671,1,4.9940,0.863
1345,0,0,7671,1,4.8810,0.844
1346,0,0,7671,1,4.8155,0.805
1347,0,0,7671,1,5.0536,0.865
1348,0,0,7671,1,4.9702,0.862
1349,0,0,7671,1,4.9405,0.849
1350,0,0,7671,1,5.0655,0.957
1351,0,0,7671,1,4.7560,0.817
1352,0,0,7671,1,5.0655,0.856
1353,0,0,7671,1,4.9226,0.808
1354,0,0,7671,1,5.1845,0.897
1355,0,0,7671,1,4.9524,0.869
1356,0,0,7671,1,4.7857,0.818
1357,0,0,7671,1,5.1190,0.875
1358,0,0,7671,1,4.8690,0.823
1359,0,0,7671,1,5.1726,0.888
1360,0,0,7671,1,4.9167,0.965
1361,0,0,7671,1,4.8452,0.816
1362,0,0,7671,1,5.1726,0.864
1363,0,0,7671,1,5.1964,0.923
1364,0,0,7671,1,5.0417,0.910
1365,0,0,7671,1,4.8750,0.820
1366,0,0,7671,1,4.8988,0.969
1367,0,0,7671,1,4.9702,0.946
1368,0,0,7671,1,4.9167,0.852
1369,1,23,7694,24,5.0476,17.700
1370,0,0,7694,1,5.1488,0.896
1371,0,0,7694,1,5.0000,0.861
1372,0,0,7694,1,4.9702,0.880
1373,0,0,7694,1,4.8333,0.878
1374,0,0,7694,1,4.8631,0.831
1375,0,0,7694,1,4.7679,0.791
1376,0,0,7694,1,5.0476,0.849
1377,0,0,7694,1,5.1250,0.883
1378,0,0,7694,1,4.7798,0.816
1379,0,0,7694,1,5.0595,0.890
1380,0,0,7694,1,4.8452,0.875
1381,0,0,7694,1,4.8512,0.810
1382,0,0,7694,1,5.1488,0.936
1383,0,0,7694,1,4.8512,0.850
1384,0,0,7694,1,5.0119,0.852
1385,0,0,7694,1,5.1250,0.951
1386,0,0,7694,1,5.1548,0.891
1387,0,0,7694,1,4.7321,0.784
1388,0,0,7694,1,5.1429,0.942
1389,0,0,7694,1,4.7500,0.805
1390,0,0,7694,1,5.2321,0.975
1391,0,0,7694,1,5.1786,0.985
1392,0,0,7694,1,4.6310,0.722
1393,0,0,7694,1,5.0179,0.828
1394,0,0,7694,1,4.9226,0.889
1395,0,0,7694,1,4.9940,0.892
1396,0,0,7694,1,4.9405,0.882
1397,0,0,7694,1,4.9464,0.874
1398,0,0,7694,1,4.8036,0.816
1399,0,0,7694,1,5.2500,0.959
1400,0,0,7694,1,5.1905,1.027
1401,0,0,7694,1,5.1369,0.907
1402,0,0,7694,1,4.8988,0.877
1403,0,0,7694,1,5.0655,1.033
1404,0,0,7694,1,5.0893,0.874
1405,0,0,7694,1,4.9762,0.868
1406,0,0,7694,1,5.0238,0.917
1407,0,0,7694,1,4.7738,0.845
1408,0,0,7694,1,4.7798,0.801
1409,0,0,7694,1,4.9881,0.847
1410,0,0,7694,1,4.5714,0.766
1411,0,0,7694,1,5.3690,1.003
1412,0,0,7694,1,5.0417,0.867
1413,0,0,7694,1,4.9821,0.847
1414,0,0,7694,1,5.2619,0.883
1415,0,0,7694,1,4.9643,0.861
1416,0,0,7694,1,5.2976,0.964
1417,1,132,7826,133,5.1190,19.590
1418,0,0,7826,1,4.8750,0.816
1419,0,0,7826,1,4.8869,0.803
1420,0,0,7826,1,5.1607,0.886
1421,0,0,7826,1,4.9107,0.829
1422,0,0,7826,1,5.1190,0.886
1423,0,0,7826,1,5.0595,0.891
1424,0,0,7826,1,5.1131,0.923
1425,0,0,7826,1,4.8512,0.879
1426,0,0,7826,1,5.2560,0.907
1427,0,0,7826,1,4.8571,0.860
1428,0,0,7826,1,4.7976,0.803
1429,0,0,7826,1,4.7321,0.770
1430,0,0,7826,1,4.9881,0.867
1431,0,0,7826,1,5.0655,0.869
1432,0,0,7826,1,4.9643,0.879
1433,0,0,7826,1,5.0595,0.942
1434,0,0,7826,1,4.6726,0.769
1435,0,0,7826,1,5.0536,0.891
1436,0,0,7826,1,5.0952,0.921
1437,0,0,7826,1,5.0119,0.867
1438,0,0,7826,1,5.0000,0.868
1439,0,0,7826,1,4.8631,0.879
1440,0,0,7826,1,4.8750,0.831
1441,0,0,7826,1,4.8512,0.797
1442,0,0,7826,1,5.2500,0.983
1443,0,0,7826,1,5.1786,1.016
1444,0,0,7826,1,5.1548,0.910
1445,0,0,7826,1,4.8810,0.837
1446,0,0,7826,1,5.0298,0.917
1447,0,0,7826,1,5.0655,0.901
1448,1,2,7828,3,4.9940,1.362
1449,0,0,7828,1,4.7976,0.873
1450,0,0,7828,1,4.9524,0.857
1451,0,0,7828,1,5.0298,0.863
1452,0,0,7828,1,5.3155,0.962
1453,0,0,7828,1,5.2262,0.974
1454,0,0,7828,1,4.9643,0.903
1455,0,0,7828,1,4.9583,0.811
1456,0,0,7828,1,5.1310,0.932
1457,0,0,7828,1,5.3869,1.053
1458,0,0,7828,1,5.6071,1.129
1459,0,0,7828,1,4.8750,0.875
1460,0,0,7828,1,4.9940,0.872
1461,0,0,7828,1,4.9821,0.839
1462,0,0,7828,1,5.0536,0.932
1463,0,0,7828,1,4.9702,0.884
1464,0,0,7828,1,5.1131,1.049
1465,0,0,7828,1,5.1071,0.870
1466,0,0,7828,1,4.8571,0.822
1467,0,0,7828,1,4.9821,0.908
1468,0,0,7828,1,5.0714,0.874
1469,0,0,7828,1,5.0655,0.936
1470,0,0,7828,1,5.0714,0.907
1471,0,0,7828,1,4.8571,0.857
1472,0,0,7828,1,4.9107,0.845
1473,0,0,7828,1,5.3393,1.004
1474,0,0,7828,1,4.9702,0.905
1475,0,0,7828,1,5.2619,0.991
1476,0,0,7828,1,4.9643,0.909
1477,0,0,7828,1,4.9107,0.838
1478,0,0,7828,1,5.0536,0.849
1479,0,0,7828,1,5.2202,0.971
1480,0,0,7828,1,5.3869,1.154
1481,0,0,7828,1,4.8810,0.862
1482,0,0,7828,1,5.0655,0.882
1483,0,0,7828,1,5.1310,1.004
1484,0,0,7828,1,5.0298,1.008
1485,0,0,7828,1,4.9345,0.874
1486,0,0,7828,1,5.0417,0.909
1487,0,0,7828,1,4.9107,0.839
1488,0,0,7828,1,5.2976,0.984
1489,0,0,7828,1,4.9762,0.890
1490,0,0,7828,1,4.6607,0.730
1491,0,0,7828,1,5.1429,0.925
1492,0,0,7828,1,5.2321,0.919
1493,0,0,7828,1,5.2083,1.051
1494,0,0,7828,1,5.1250,0.914
1495,0,0,7828,1,4.8571,0.855
1496,1,165,7993,165,4.7202,121.600
1497,0,0,7993,1,5.3333,1.061
1498,0,0,7993,1,5.1071,0.904
1499,0,0,7993,1,4.9405,0.906
1500,0,0,7993,1,4.7857,0.805
1501,0,0,7993,1,5.0417,0.884
1502,0,0,7993,1,4.9583,0.823
1503,0,0,7993,1,4.8810,0.911
1504,0,0,7993,1,5.0119,0.865
1505,0,0,7993,1,4.9107,0.934
1506,0,0,7993,1,4.9702,0.891
1507,0,0,7993,1,5.0952,0.906
1508,0,0,7993,1,5.2560,0.987
1509,0,0,7993,1,5.2262,0.975
1510,0,0,7993,1,4.8869,0.843
1511,0,0,7993,1,4.7917,0.852
1512,0,0,7993,1,4.7500,0.844
1513,0,0,7993,1,5.0655,0.859
1514,0,0,7993,1,5.1190,0.963
1515,0,0,7993,1,4.7500,0.834
1516,0,0,7993,1,4.8512,0.844
1517,0,0,7993,1,5.1726,0.952
1518,0,0,7993,1,4.7798,0.828
1519,0,0,7993,1,4.7619,1.360
1520,0,0,7993,1,4.9821,0.861
1521,0,0,7993,1,4.9643,0.993
1522,0,0,7993,1,4.6369,0.803
1523,0,0,7993,1,5.3571,1.403
1524,0,0,7993,1,4.9940,0.912
1525,0,0,7993,1,4.9583,0.887
1526,0,0,7993,1,5.0655,0.930
1527,0,0,7993,1,5.0655,0.918
1528,0,0,7993,1,4.9345,0.846
1529,0,0,7993,1,4.9524,0.928
1530,0,0,7993,1,4.9643,0.908
1531,0,0,7993,1,4.8452,0.910
1532,0,0,7993,1,5.1488,0.954
1533,0,0,7993,1,5.1964,0.985
1534,0,0,7993,1,5.1726,0.905
1535,0,0,7993,1,4.7917,0.869
1536,0,0,7993,1,4.7024,0.782
1537,0,0,7993,1,4.9464,0.889
1538,0,0,7993,1,5.0119,0.921
1539,0,0,7993,1,5.1667,0.924
1540,0,0,7993,1,4.9821,0.872
1541,0,0,7993,1,4.9286,1.118
1542,0,0,7993,1,5.0000,0.875
1543,0,0,7993,1,4.7857,0.838
1544,0,0,7993,1,4.9226,0.874
1545,0,0,7993,1,4.9940,1.041
1546,0,0,7993,1,5.2917,0.966
1547,0,0,7993,1,4.7619,0.792
1548,0,0,7993,1,5.2917,0.981
1549,0,0,7993,1,5.1548,0.944
1550,0,0,7993,1,4.9881,0.855
1551,0,0,7993,1,5.1131,1.092
1552,0,0,7993,1,5.1964,0.938
1553,0,0,7993,1,5.0298,0.899
1554,0,0,7993,1,4.9226,0.864
1555,0,0,7993,1,4.8929,0.889
1556,0,0,7993,1,5.0000,0.893
1557,0,0,7993,1,5.2976,0.983
1558,0,0,7993,1,4.8631,0.842
1559,0,0,7993,1,5.1726,1.005
1560,0,0,7993,1,4.8393,0.914
1561,0,0,7993,1,4.9821,0.889
1562,0,0,7993,1,4.9286,0.842
1563,0,0,7993,1,5.1131,0.971
1564,0,0,7993,1,5.3631,1.005
1565,0,0,7993,1,5.0774,0.926
1566,0,0,7993,1,5.1845,1.005
1567,0,0,7993,1,4.8571,0.802
1568,0,0,7993,1,4.7500,0.806
1569,0,0,7993,1,5.5179,1.169
1570,0,0,7993,1,4.9167,0.839
1571,0,0,7993,1,5.0833,0.938
1572,0,0,7993,1,5.1845,0.922
1573,0,0,7993,1,4.7262,0.854
1574,0,0,7993,1,4.8690,0.899
1575,0,0,7993,1,4.8571,0.855
1576,0,0,7993,1,5.1429,0.920
1577,0,0,7993,1,4.9345,0.889
1578,0,0,7993,1,5.1667,0.906
1579,0,0,7993,1,4.8155,0.866
1580,0,0,7993,1,5.0714,0.928
1581,0,0,7993,1,5.1250,0.915
1582,0,0,7993,1,5.2381,1.002
1583,0,0,7993,1,5.3452,1.033
1584,0,0,7993,1,4.9583,0.870
1585,0,0,7993,1,5.1429,0.941
1586,0,0,7993,1,4.9762,0.946
1587,0,0,7993,1,5.1429,1.042
1588,0,0,7993,1,4.8155,0.865
1589,0,0,7993,1,4.9762,0.840
1590,1,8,8001,9,5.0357,2.940
1591,0,0,8001,1,5.1667,1.010
1592,0,0,8001,1,4.9762,0.873
1593,0,0,8001,1,4.8631,0.857
1594,0,0,8001,1,4.9821,0.969
1595,0,0,8001,1,4.9167,0.852
1596,0,0,8001,1,4.9524,0.895
1597,0,0,8001,1,4.7321,0.882
1598,0,0,8001,1,5.0000,0.887
1599,0,0,8001,1,5.0000,0.946
1600,0,0,8001,1,5.0357,0.911
1601,0,0,8001,1,4.9107,0.910
1602,0,0,8001,1,4.9226,0.920
1603,0,0,8001,1,5.1786,1.055
1604,0,0,8001,1,5.1488,0.973
1605,0,0,8001,1,5.1905,0.983
1606,0,0,8001,1,5.3631,1.076
1607,0,0,8001,1,4.6429,0.805
1608,0,0,8001,1,4.8214,0.844
1609,0,0,8001,1,5.0595,0.908
1610,0,0,8001,1,4.8036,0.833
1611,0,0,8001,1,4.7202,0.836
1612,0,0,8001,1,4.8452,0.817
1613,0,0,8001,1,4.9940,0.983
1614,0,0,8001,1,4.9048,0.884
1615,0,0,8001,1,5.2024,0.916
1616,0,0,8001,1,5.1369,0.996
1617,1,1,8002,2,5.0536,1.067
1618,0,0,8002,1,4.8869,0.851
1619,0,0,8002,1,4.7381,0.841
1620,0,0,8002,1,4.8393,0.870
1621,0,0,8002,1,5.0119,0.918
1622,0,0,8002,1,5.0298,0.920
1623,0,0,8002,1,4.9643,0.954
1624,0,0,8002,1,4.8155,0.903
1625,0,0,8002,1,5.1310,0.903
1626,0,0,8002,1,4.8274,0.794
1627,0,0,8002,1,4.8988,0.880
1628,0,0,8002,1,4.7976,0.860
1629,0,0,8002,1,4.9286,0.910
1630,0,0,8002,1,5.1071,1.017
1631,0,0,8002,1,5.1071,0.916
1632,0,0,8002,1,4.8393,0.903
1633,0,0,8002,1,5.1190,0.917
1634,0,0,8002,1,4.9524,0.910
1635,0,0,8002,1,4.8333,0.864
1636,0,0,8002,1,4.9583,0.942
1637,0,0,8002,1,4.8690,0.869
1638,0,0,8002,1,5.0357,0.940
1639,0,0,8002,1,4.9702,0.931
1640,0,0,8002,1,5.2024,0.955
1641,0,0,8002,1,4.9226,0.910
1642,0,0,8002,1,4.9345,0.913
1643,0,0,8002,1,4.8095,0.854
1644,0,0,8002,1,4.7976,0.836
1645,0,0,8002,1,5.0595,0.981
1646,0,0,8002,1,5.0238,0.917
1647,0,0,8002,1,5.0417,0.971
1648,0,0,8002,1,4.9345,0.903
1649,0,0,8002,1,5.0655,0.986
1650,1,275,8277,275,5.0833,151.086
1651,0,0,8277,1,4.7738,0.860
1652,0,0,8277,1,5.0476,0.945
1653,0,0,8277,1,5.1012,0.968
1654,0,0,8277,1,5.1071,0.922
1655,0,0,8277,1,4.6190,0.825
1656,0,0,8277,1,5.0476,0.891
1657,0,0,8277,1,4.7560,0.826
1658,0,0,8277,1,4.8095,0.836
1659,0,0,8277,1,4.8214,0.825
1660,0,0,8277,1,5.0595,0.828
1661,0,0,8277,1,4.8333,0.810
1662,0,0,8277,1,4.7798,0.816
1663,0,0,8277,1,5.1190,0.919
1664,0,0,8277,1,4.7619,0.774
1665,0,0,8277,1,5.0893,0.869
1666,0,0,8277,1,4.4702,0.715
1667,0,0,8277,1,4.8988,0.828
1668,0,0,8277,1,4.9821,0.888
1669,0,0,8277,1,4.7917,0.804
1670,0,0,8277,1,4.6250,0.759
1671,0,0,8277,1,5.1071,0.907
1672,0,0,8277,1,5.0714,0.845
1673,0,0,8277,1,4.9405,0.835
1674,0,0,8277,1,5.1190,1.006
1675,0,0,8277,1,5.3393,0.983
1676,0,0,8277,1,5.1190,0.915
1677,0,0,8277,1,4.8214,0.836
1678,0,0,8277,1,4.9464,0.866
1679,0,0,8277,1,5.0298,0.897
1680,0,0,8277,1,5.0655,0.899
1681,0,0,8277,1,5.0714,0.889
1682,0,0,8277,1,4.7917,0.775
1683,0,0,8277,1,5.3631,0.961
1684,0,0,8277,1,5.2262,0.948
1685,0,0,8277,1,4.8690,0.821
1686,0,0,8277,1,4.9345,0.885
1687,0,0,8277,1,4.8333,0.831
1688,0,0,8277,1,4.9048,0.860
1689,0,0,8277,1,5.1429,0.914
1690,0,0,8277,1,5.3750,0.964
1691,0,0,8277,1,5.0298,0.905
1692,0,0,8277,1,5.1964,0.915
1693,0,0,8277,1,5.2321,0.961
1694,0,0,8277,1,5.3631,0.982
1695,0,0,8277,1,4.9524,0.860
1696,0,0,8277,1,5.1190,0.919
1697,0,0,8277,1,4.8393,0.840
1698,0,0,8277,1,5.1131,0.922
1699,0,0,8277,1,4.8512,0.855
1700,0,0,8277,1,5.2321,0.978
1701,0,0,8277,1,5.3214,0.978
1702,0,0,8277,1,5.2738,0.968
1703,0,0,8277,1,4.6012,0.798
1704,0,0,8277,1,4.9345,0.836
1705,0,0,8277,1,5.1071,0.897
1706,0,0,8277,1,5.2024,0.895
1707,0,0,8277,1,5.0357,0.845
1708,0,0,8277,1,4.8095,0.832
1709,0,0,8277,1,4.8810,0.849
1710,0,0,8277,1,5.1310,0.902
1711,0,0,8277,1,5.1845,0.983
1712,0,0,8277,1,5.0536,0.903
1713,0,0,8277,1,5.0417,0.859
1714,0,0,8277,1,4.9167,0.824
1715,0,0,8277,1,5.0000,0.868
1716,0,0,8277,1,5.0238,0.858
1717,0,0,8277,1,5.2798,0.910
1718,1,1,8278,2,4.9821,1.793
1719,0,0,8278,1,4.9524,0.908
1720,0,0,8278,1,5.2202,0.919
1721,0,0,8278,1,4.7738,0.805
1722,0,0,8278,1,4.9643,0.849
1723,0,0,8278,1,4.7976,0.786
1724,0,0,8278,1,5.3452,0.975
1725,0,0,8278,1,5.2738,0.960
1726,0,0,8278,1,4.9881,0.834
1727,0,0,8278,1,5.3988,0.990
1728,0,0,8278,1,5.0417,0.924
1729,0,0,8278,1,5.0952,0.958
1730,0,0,8278,1,5.2619,0.964
1731,0,0,8278,1,4.7262,0.790
1732,0,0,8278,1,5.3036,0.997
1733,0,0,8278,1,4.9762,0.850
1734,0,0,8278,1,4.9167,0.891
1735,0,0,8278,1,5.0238,0.872
1736,0,0,8278,1,4.9167,0.821
1737,0,0,8278,1,4.9405,0.854
1738,0,0,8278,1,5.1190,1.039
1739,0,0,8278,1,4.7679,0.886
1740,1,2,8280,3,4.8214,1.001
1741,0,0,8280,1,4.9226,0.945
1742,0,0,8280,1,5.1845,0.954
1743,0,0,8280,1,5.1250,0.915
1744,0,0,8280,1,4.9464,0.873
1745,0,0,8280,1,4.9762,1.026
1746,0,0,8280,1,5.1667,0.979
1747,0,0,8280,1,5.0595,0.881
1748,0,0,8280,1,5.1250,0.949
1749,0,0,8280,1,4.8750,0.892
1750,0,0,8280,1,4.7679,0.929
1751,0,0,8280,1,5.0714,0.966
1752,0,0,8280,1,4.8631,0.904
1753,0,0,8280,1,5.1429,0.970
1754,0,0,8280,1,5.0060,0.932
1755,0,0,8280,1,5.0714,0.930
1756,0,0,8280,1,5.0893,0.922
1757,0,0,8280,1,5.1190,0.966
1758,0,0,8280,1,5.1964,1.007
1759,0,0,8280,1,5.1667,0.982
1760,0,0,8280,1,4.7857,0.895
1761,0,0,8280,1,5.1905,0.967
1762,0,0,8280,1,4.6369,0.834
1763,1,64,8344,65,4.7560,28.428
1764,0,0,8344,1,5.1667,0.926
1765,1,3,8347,4,5.0357,2.634
1766,0,0,8347,1,4.8333,0.915
1767,0,0,8347,1,4.9821,0.960
1768,0,0,8347,1,5.0833,0.985
1769,0,0,8347,1,4.9107,0.877
1770,0,0,8347,1,4.8869,0.878
1771,0,0,8347,1,5.2202,0.987
1772,0,0,8347,1,4.8155,0.875
1773,1,1,8348,2,4.8512,0.969
1774,0,0,8348,1,4.9881,0.869
1775,0,0,8348,1,4.7679,0.898
1776,0,0,8348,1,5.1548,1.058
1777,0,0,8348,1,5.0774,0.965
1778,0,0,8348,1,4.9107,0.954
1779,0,0,8348,1,5.1250,0.911
1780,0,0,8348,1,4.8393,0.894
1781,0,0,8348,1,5.1369,0.979
1782,0,0,8348,1,4.8750,0.884
1783,0,0,8348,1,4.8988,0.897
1784,0,0,8348,1,4.9345,0.924
1785,0,0,8348,1,4.9881,0.957
1786,0,0,8348,1,4.7381,0.850
1787,0,0,8348,1,5.2440,1.054
1788,0,0,8348,1,4.8988,0.888
1789,0,0,8348,1,4.8750,0.862
1790,1,1,8349,2,4.8452,1.439
1791,0,0,8349,1,5.2976,1.010
1792,0,0,8349,1,5.2321,1.043
1793,0,0,8349,1,5.2679,0.988
1794,0,0,8349,1,4.8393,0.882
1795,0,0,8349,1,4.9583,0.949
1796,0,0,8349,1,4.8869,0.877
1797,0,0,8349,1,4.8036,0.851
1798,0,0,8349,1,4.8631,0.869
1799,0,0,8349,1,4.8274,0.877
1800,0,0,8349,1,4.9167,0.871
1801,0,0,8349,1,4.8095,0.851
1802,0,0,8349,1,4.8929,0.924
1803,0,0,8349,1,4.9881,0.926
1804,0,0,8349,1,4.6190,0.806
1805,0,0,8349,1,4.9643,0.943
1806,0,0,8349,1,4.8750,0.901
1807,0,0,8349,1,5.1012,0.965
1808,0,0,8349,1,5.1607,1.048
1809,0,0,8349,1,5.2500,1.076
1810,0,0,8349,1,4.9702,0.881
1811,0,0,8349,1,4.8393,0.938
1812,0,0,8349,1,5.0714,0.965
1813,0,0,8349,1,4.7321,1.024
1814,0,0,8349,1,4.9643,0.981
1815,0,0,8349,1,5.3214,1.032
1816,0,0,8349,1,5.1786,0.977
1817,0,0,8349,1,4.8631,0.862
1818,0,0,8349,1,4.6964,0.816
1819,0,0,8349,1,5.1310,0.983
1820,0,0,8349,1,5.1548,0.939
1821,0,0,8349,1,4.8690,0.878
1822,0,0,8349,1,5.0000,0.934
1823,0,0,8349,1,5.0595,0.878
1824,0,0,8349,1,5.1012,0.898
1825,0,0,8349,1,4.8155,0.847
1826,0,0,8349,1,5.2202,1.013
1827,0,0,8349,1,5.0000,0.902
1828,0,0,8349,1,4.8155,0.877
1829,0,0,8349,1,5.3929,1.040
1830,0,0,8349,1,4.6488,0.803
1831,0,0,8349,1,5.0238,0.940
1832,0,0,8349,1,4.9702,0.851
1833,0,0,8349,1,5.1905,0.953
1834,0,0,8349,1,5.1190,0.956
1835,0,0,8349,1,4.9524,0.908
1836,0,0,8349,1,5.3571,1.079
1837,0,0,8349,1,5.0714,1.030
1838,0,0,8349,1,4.8810,0.910
1839,0,0,8349,1,4.9702,0.968
1840,0,0,8349,1,4.9881,0.916
1841,0,0,8349,1,5.0893,0.963
1842,0,0,8349,1,5.0833,1.000
1843,0,0,8349,1,4.7500,0.893
1844,0,0,8349,1,4.8036,0.845
1845,0,0,8349,1,5.0357,0.939
1846,0,0,8349,1,5.0714,0.940
1847,0,0,8349,1,4.6786,0.838
1848,0,0,8349,1,5.1250,0.987
1849,0,0,8349,1,5.3393,1.035
1850,0,0,8349,1,5.0893,0.951
1851,0,0,8349,1,4.8393,0.855
1852,0,0,8349,1,4.9345,0.935
1853,0,0,8349,1,5.0119,0.983
1854,0,0,8349,1,4.8571,0.881
1855,0,0,8349,1,5.2619,1.075
1856,0,0,8349,1,4.9107,0.902
1857,0,0,8349,1,4.9762,0.946
1858,0,0,8349,1,5.1190,0.982
1859,0,0,8349,1,5.2381,0.998
1860,0,0,8349,1,4.6190,0.800
1861,0,0,8349,1,4.9702,0.898
1862,0,0,8349,1,5.0119,0.944
1863,0,0,8349,1,5.1488,1.000
1864,0,0,8349,1,4.9881,0.903
1865,0,0,8349,1,5.0179,0.945
1866,0,0,8349,1,5.0714,0.961
1867,0,0,8349,1,4.9762,0.972
1868,0,0,8349,1,5.1012,0.938
1869,0,0,8349,1,5.1190,0.974
1870,0,0,8349,1,4.7738,0.848
1871,0,0,8349,1,4.9107,0.886
1872,0,0,8349,1,5.1488,1.022
1873,0,0,8349,1,5.0298,0.984
1874,0,0,8349,1,5.1726,1.054
1875,0,0,8349,1,4.8274,0.910
1876,0,0,8349,1,4.8036,0.876
1877,0,0,8349,1,5.1964,0.969
1878,0,0,8349,1,4.8333,0.898
1879,0,0,8349,1,5.0476,0.978
1880,0,0,8349,1,4.9405,0.910
1881,0,0,8349,1,5.0119,0.973
1882,0,0,8349,1,5.0417,0.904
1883,0,0,8349,1,5.1726,0.951
1884,0,0,8349,1,5.1190,0.945
1885,0,0,8349,1,4.6905,0.816
1886,0,0,8349,1,4.7857,0.844
1887,0,0,8349,1,5.1607,0.985
1888,1,806,9155,803,4.9940,524.090
1889,0,0,9155,1,4.8631,1.017
1890,0,0,9155,1,4.9226,0.999
1891,0,0,9155,1,5.1726,1.047
1892,0,0,9155,1,4.6845,0.929
1893,1,3,9158,4,5.0060,3.081
1894,0,0,9158,1,5.1488,1.591
1895,1,110,9268,110,5.3869,73.651
1896,1,1,9269,2,4.8155,1.747
1897,0,0,9269,1,4.8214,0.962
1898,0,0,9269,1,4.7560,0.951
1899,0,0,9269,1,4.8929,1.015
1900,0,0,9269,1,4.9643,1.124
1901,0,0,9269,1,4.7917,0.960
1902,0,0,9269,1,4.7917,1.068
1903,0,0,9269,1,5.0893,1.136
1904,0,0,9269,1,4.4940,0.870
1905,0,0,9269,1,4.9524,1.014
1906,0,0,9269,1,5.0833,1.052
1907,0,0,9269,1,4.8452,0.961
1908,0,0,9269,1,4.9881,1.019
1909,0,0,9269,1,4.9107,0.989
1910,0,0,9269,1,4.9405,1.038
1911,0,0,9269,1,4.9702,1.092
1912,0,0,9269,1,4.9048,1.048
1913,0,0,9269,1,5.1726,1.179
1914,0,0,9269,1,4.8452,1.260
1915,0,0,9269,1,4.8571,0.997
1916,0,0,9269,1,4.7738,1.010
1917,0,0,9269,1,5.2381,1.212
1918,0,0,9269,1,5.2440,1.136
1919,0,0,9269,1,5.0417,1.101
1920,0,0,9269,1,5.1131,1.211
1921,0,0,9269,1,5.1786,1.131
1922,0,0,9269,1,4.9702,1.041
1923,0,0,9269,1,4.6726,0.978
1924,0,0,9269,1,4.9881,1.105
1925,0,0,9269,1,5.0714,1.147
1926,0,0,9269,1,5.1548,1.144
1927,0,0,9269,1,4.7917,0.962
1928,0,0,9269,1,5.1488,1.109
1929,0,0,9269,1,4.8393,0.994
1930,0,0,9269,1,4.8988,0.971
1931,0,0,9269,1,4.8095,1.287
1932,0,0,9269,1,5.2560,1.165
1933,0,0,9269,1,5.0536,1.073
1934,0,0,9269,1,5.0595,1.064
1935,0,0,9269,1,4.7619,1.013
1936,0,0,9269,1,4.8810,1.058
1937,0,0,9269,1,4.8155,0.968
1938,0,0,9269,1,5.2143,1.169
1939,0,0,9269,1,4.9405,1.042
1940,0,0,9269,1,4.7857,0.969
1941,0,0,9269,1,4.8631,0.949
1942,0,0,9269,1,4.9643,1.076
1943,0,0,9269,1,5.0119,1.065
1944,0,0,9269,1,4.7083,1.034
1945,0,0,9269,1,5.0060,1.050
1946,0,0,9269,1,4.7976,0.986
1947,0,0,9269,1,4.9524,1.146
1948,0,0,9269,1,4.8571,0.982
1949,0,0,9269,1,5.0476,1.247
1950,0,0,9269,1,5.0655,1.074
1951,1,2,9271,3,5.1964,1.237
1952,0,0,9271,1,4.8750,1.021
1953,0,0,9271,1,4.9881,1.096
1954,0,0,9271,1,4.9107,1.020
1955,0,0,9271,1,4.6429,1.004
1956,0,0,9271,1,5.0774,1.105
1957,1,16,9287,17,5.2143,7.326
1958,0,0,9287,1,4.8095,0.979
1959,0,0,9287,1,5.1845,1.127
1960,0,0,9287,1,4.8274,1.119
1961,0,0,9287,1,5.1845,1.140
1962,1,3,9290,4,5.1071,2.746
1963,1,1,9291,2,4.9702,1.353
1964,0,0,9291,1,4.7917,1.022
1965,0,0,9291,1,4.9762,1.116
1966,0,0,9291,1,5.0536,1.108
1967,0,0,9291,1,4.7857,1.114
1968,0,0,9291,1,4.7679,1.003
1969,0,0,9291,1,4.8095,0.963
1970,1,1245,10536,1244,5.0119,1335.304
1971,0,0,10536,1,5.2857,1.336
1972,0,0,10536,1,5.0417,1.388
1973,0,0,10536,1,5.1905,1.339
1974,0,0,10536,1,5.0119,1.188
1975,0,0,10536,1,5.1012,1.330
1976,0,0,10536,1,5.2083,1.243
1977,0,0,10536,1,4.8452,1.216
1978,0,0,10536,1,5.2202,1.262
1979,0,0,10536,1,4.9702,1.193
1980,0,0,10536,1,5.0952,1.299
1981,0,0,10536,1,4.9524,1.280
1982,0,0,10536,1,4.9881,1.337
1983,0,0,10536,1,5.1845,1.390
1984,0,0,10536,1,5.2440,1.384
1985,0,0,10536,1,5.1667,1.267
1986,0,0,10536,1,5.0357,1.194
1987,0,0,10536,1,4.7560,1.080
1988,0,0,10536,1,4.7798,1.126
1989,1,107,10643,107,4.7619,81.528
1990,0,0,10643,1,5.5417,1.445
1991,0,0,10643,1,4.7976,1.100
1992,0,0,10643,1,5.1667,1.282
1993,0,0,10643,1,5.3036,1.270
1994,0,0,10643,1,5.0536,1.311
1995,0,0,10643,1,5.0476,1.127
1996,0,0,10643,1,5.0238,1.164
1997,0,0,10643,1,5.0179,1.266
1998,0,0,10643,1,5.2738,1.619
1999,0,0,10643,1,4.8988,1.082
2000,0,0,10643,1,4.8095,1.391
2001,0,0,10643,1,5.2976,1.201
2002,0,0,10643,1,4.9524,1.099
2003,0,0,10643,1,4.8869,1.143
2004,0,0,10643,1,4.7560,1.067
2005,0,0,10643,1,4.7857,1.083
2006,0,0,10643,1,5.0833,1.180
2007,0,0,10643,1,5.2083,1.179
2008,0,0,10643,1,5.3095,1.243
2009,0,0,10643,1,5.2143,1.216
2010,0,0,10643,1,4.9464,1.105
2011,0,0,10643,1,4.7440,1.087
2012,0,0,10643,1,5.0476,1.392
2013,0,0,10643,1,5.1250,1.304
2014,0,0,10643,1,4.9226,1.193
2015,0,0,10643,1,4.7679,1.021
2016,0,0,10643,1,4.7500,1.002
2017,0,0,10643,1,5.1190,1.186
2018,0,0,10643,1,4.9524,1.152
2019,0,0,10643,1,5.2917,1.369
2020,0,0,10643,1,4.8988,1.147
2021,0,0,10643,1,4.8929,1.231
2022,0,0,10643,1,5.1488,1.240
2023,0,0,10643,1,4.8333,1.246
2024,1,8,10651,9,5.0238,7.833
2025,0,0,10651,1,4.9702,1.207
2026,0,0,10651,1,4.8214,1.117
2027,0,0,10651,1,5.0000,1.231
2028,0,0,10651,1,5.1131,1.171
2029,0,0,10651,1,4.9643,1.191
2030,0,0,10651,1,5.0774,1.215
2031,0,0,10651,1,5.0060,1.287
2032,0,0,10651,1,4.9286,1.197
2033,0,0,10651,1,5.0476,1.251
2034,0,0,10651,1,4.8810,1.249
2035,0,0,10651,1,5.0833,1.294
2036,0,0,10651,1,4.8869,1.335
2037,0,0,10651,1,4.9762,1.217
2038,0,0,10651,1,5.2798,1.462
2039,0,0,10651,1,5.1607,1.223
2040,0,0,10651,1,5.0179,1.600
2041,0,0,10651,1,5.1071,1.256
2042,0,0,10651,1,5.1607,1.231
2043,0,0,10651,1,5.0893,1.346
2044,0,0,10651,1,5.0417,1.369
2045,0,0,10651,1,5.1905,1.393
2046,0,0,10651,1,5.0893,1.330
2047,0,0,10651,1,5.0893,1.596
2048,1,10,10661,11,5.1786,10.984
2049,0,0,10661,1,4.7560,1.243
2050,0,0,10661,1,5.0119,1.376
2051,0,0,10661,1,5.0536,1.309
2052,0,0,10661,1,4.9464,1.233
2053,0,0,10661,1,4.9940,1.188
2054,0,0,10661,1,5.2143,1.297
2055,0,0,10661,1,5.1071,1.268
2056,0,0,10661,1,4.7917,1.058
2057,0,0,10661,1,4.9405,1.440
2058,0,0,10661,1,4.7857,1.166
2059,0,0,10661,1,5.2560,1.355
2060,0,0,10661,1,4.7857,1.138
2061,0,0,10661,1,4.8274,1.199
2062,0,0,10661,1,4.9524,1.250
2063,0,0,10661,1,4.9286,1.192
2064,0,0,10661,1,5.0476,1.322
2065,0,0,10661,1,5.2024,1.351
2066,0,0,10661,1,4.7202,1.124
2067,0,0,10661,1,4.6250,1.110
2068,0,0,10661,1,4.8929,1.201
2069,0,0,10661,1,5.0119,1.324
2070,0,0,10661,1,4.8512,1.163
2071,0,0,10661,1,5.0833,1.258
2072,0,0,10661,1,5.0298,1.217
2073,0,0,10661,1,5.0119,1.204
2074,0,0,10661,1,5.0119,1.252
2075,0,0,10661,1,5.0179,1.349
2076,0,0,10661,1,4.8333,1.196
2077,0,0,10661,1,5.0000,1.218
2078,0,0,10661,1,4.9405,1.344
2079,0,0,10661,1,4.8274,1.139
2080,0,0,10661,1,5.4048,1.653
2081,0,0,10661,1,4.8214,1.255
2082,0,0,10661,1,5.2440,1.328
2083,0,0,10661,1,5.0298,1.239
2084,0,0,10661,1,5.1726,1.385
2085,0,0,10661,1,4.9762,1.179
2086,0,0,10661,1,4.8393,1.158
2087,0,0,10661,1,5.2679,1.476
2088,0,0,10661,1,5.0774,1.344
2089,0,0,10661,1,4.8929,1.148
2090,0,0,10661,1,5.2262,1.434
2091,1,2002,12663,2000,2.5536,1760.493
2092,0,0,12663,1,4.7738,1.627
2093,0,0,12663,1,4.8750,1.431
2094,0,0,12663,1,5.1012,1.624
2095,0,0,12663,1,5.1845,2.469
2096,0,0,12663,1,4.9226,2.223
2097,0,0,12663,1,5.1905,1.527
2098,0,0,12663,1,5.1190,1.431
2099,0,0,12663,1,5.0536,1.543
2100,0,0,12663,1,4.8155,1.291
2101,0,0,12663,1,5.1964,1.809
2102,0,0,12663,1,5.0833,1.546
2103,0,0,12663,1,4.8631,1.427
2104,0,0,12663,1,5.2321,1.548
2105,0,0,12663,1,4.9226,1.463
2106,0,0,12663,1,5.0179,1.461
2107,0,0,12663,1,5.1429,1.555
2108,0,0,12663,1,5.1190,1.561
2109,0,0,12663,1,4.9048,1.337
2110,0,0,12663,1,4.8988,1.482
2111,0,0,12663,1,5.0060,1.408
2112,0,0,12663,1,4.9702,1.507
2113,0,0,12663,1,5.1964,1.592
2114,0,0,12663,1,5.2083,1.539
2115,0,0,12663,1,5.1131,1.486
2116,0,0,12663,1,4.7560,1.330
2117,0,0,12663,1,4.7024,1.412
2118,0,0,12663,1,4.8690,1.525
2119,0,0,12663,1,4.9762,1.471
2120,0,0,12663,1,4.8810,1.338
2121,0,0,12663,1,5.0952,1.583
2122,0,0,12663,1,5.3095,1.775
2123,0,0,12663,1,4.7381,1.495
2124,0,0,12663,1,4.9345,1.570
2125,0,0,12663,1,5.1310,1.613
2126,1,797,13460,798,4.8214,173.813
2127,0,0,13460,1,5.1607,1.632
2128,0,0,13460,1,4.9226,1.593
2129,0,0,13460,1,5.1786,1.679
2130,0,0,13460,1,5.0179,1.708
2131,0,0,13460,1,4.9464,1.725
2132,0,0,13460,1,5.4405,2.030
2133,0,0,13460,1,4.9107,1.481
2134,0,0,13460,1,4.7798,1.425
2135,0,0,13460,1,5.1012,1.553
2136,0,0,13460,1,5.1964,1.753
2137,0,0,13460,1,5.1488,1.682
2138,0,0,13460,1,5.0357,1.544
2139,0,0,13460,1,4.7976,1.697
2140,0,0,13460,1,4.8869,1.597
2141,0,0,13460,1,4.9821,1.523
2142,0,0,13460,1,5.2500,2.305
2143,0,0,13460,1,5.0060,1.695
2144,0,0,13460,1,4.8095,1.719
2145,0,0,13460,1,4.9524,1.687
2146,0,0,13460,1,5.1905,1.626
2147,0,0,13460,1,4.8036,1.588
2148,0,0,13460,1,5.0298,1.685
2149,0,0,13460,1,5.1190,1.532
2150,0,0,13460,1,5.0833,1.735
2151,0,0,13460,1,5.4405,1.992
2152,0,0,13460,1,5.0655,1.561
2153,0,0,13460,1,4.9286,1.752
2154,0,0,13460,1,5.0417,1.785
2155,0,0,13460,1,4.8929,1.776
2156,0,0,13460,1,5.1369,1.655
2157,0,0,13460,1,5.1607,1.685
2158,0,0,13460,1,5.0952,1.654
2159,0,0,13460,1,4.5179,1.473
2160,0,0,13460,1,5.1607,1.650
2161,0,0,13460,1,4.8929,1.531
2162,0,0,13460,1,4.8810,1.639
2163,0,0,13460,1,4.8929,1.833
2164,0,0,13460,1,5.0119,2.099
2165,0,0,13460,1,4.8750,1.484
2166,0,0,13460,1,4.8333,1.445
2167,0,0,13460,1,5.2798,1.730
2168,0,0,13460,1,4.9107,1.570
2169,0,0,13460,1,4.8095,1.480
2170,0,0,13460,1,4.7440,1.519
2171,0,0,13460,1,4.8810,1.579
2172,0,0,13460,1,4.8750,1.441
2173,0,0,13460,1,5.0238,1.648
2174,0,0,13460,1,5.0357,1.567
2175,0,0,13460,1,4.9464,1.594
2176,0,0,13460,1,4.8214,1.511
2177,0,0,13460,1,4.8988,1.511
2178,0,0,13460,1,4.8214,1.695
2179,0,0,13460,1,4.8631,1.477
2180,0,0,13460,1,5.2202,1.585
2181,0,0,13460,1,5.0060,1.613
2182,0,0,13460,1,4.8571,1.501
2183,0,0,13460,1,5.0060,1.602
2184,0,0,13460,1,4.8452,1.384
2185,0,0,13460,1,5.1905,2.153
2186,0,0,13460,1,4.9286,1.682
2187,0,0,13460,1,4.7262,1.706
2188,0,0,13460,1,4.7262,1.528
2189,0,0,13460,1,5.1429,1.761
2190,0,0,13460,1,4.6488,1.832
2191,0,0,13460,1,4.9048,1.543
2192,0,0,13460,1,5.3750,2.442
2193,0,0,13460,1,5.0060,1.720
2194,0,0,13460,1,4.6786,1.464
2195,0,0,13460,1,5.2143,1.837
2196,0,0,13460,1,4.9524,1.822
2197,1,2,13462,3,5.0238,4.342
2198,0,0,13462,1,5.2440,1.642
2199,0,0,13462,1,5.0000,1.457
2200,0,0,13462,1,5.1964,1.621
2201,0,0,13462,1,4.9286,1.387
2202,0,0,13462,1,5.0476,1.494
2203,0,0,13462,1,4.8869,1.372
2204,0,0,13462,1,4.9881,1.381
2205,0,0,13462,1,4.7857,1.366
2206,0,0,13462,1,5.0476,1.473
2207,0,0,13462,1,4.9702,1.427
2208,0,0,13462,1,5.0357,1.346
2209,0,0,13462,1,5.0714,1.545
2210,0,0,13462,1,4.8929,1.400
2211,0,0,13462,1,5.1310,1.424
2212,0,0,13462,1,4.9405,1.635
2213,0,0,13462,1,5.0179,1.455
2214,0,0,13462,1,5.1429,1.619
2215,0,0,13462,1,4.9643,1.449
2216,0,0,13462,1,4.8631,1.393
2217,0,0,13462,1,5.0774,1.492
2218,0,0,13462,1,4.7381,1.349
2219,0,0,13462,1,4.6310,1.383
2220,0,0,13462,1,4.9405,1.431
2221,0,0,13462,1,5.1131,1.425
2222,0,0,13462,1,4.8690,1.354
2223,0,0,13462,1,5.1250,1.521
2224,0,0,13462,1,4.8810,1.702
2225,0,0,13462,1,5.0060,1.533
2226,0,0,13462,1,5.0774,1.623
2227,0,0,13462,1,4.8333,1.447
2228,0,0,13462,1,5.0417,1.533
2229,0,0,13462,1,4.7321,1.472
2230,0,0,13462,1,5.3869,1.626
2231,0,0,13462,1,5.1607,1.625
2232,0,0,13462,1,5.2440,1.497
2233,0,0,13462,1,5.0119,1.502
2234,0,0,13462,1,4.9107,1.444
2235,0,0,13462,1,5.2440,1.576
2236,0,0,13462,1,5.0833,1.495
2237,0,0,13462,1,4.9048,1.439
2238,0,0,13462,1,5.0833,1.571
2239,0,0,13462,1,5.2679,1.911
2240,0,0,13462,1,5.0655,1.489
2241,0,0,13462,1,4.9048,1.405
2242,0,0,13462,1,4.8631,1.314
2243,0,0,13462,1,5.1250,1.641
2244,0,0,13462,1,5.1131,1.655
2245,0,0,13462,1,5.1190,1.516
2246,0,0,13462,1,5.1310,1.782
2247,0,0,13462,1,4.9167,1.494
2248,0,0,13462,1,5.1964,1.611
2249,0,0,13462,1,4.8690,1.647
2250,0,0,13462,1,4.9881,1.621
2251,0,0,13462,1,5.2024,1.928
2252,0,0,13462,1,4.9524,1.495
2253,1,1,13463,2,5.0952,2.863
2254,0,0,13463,1,5.1131,1.804
2255,0,0,13463,1,4.9107,1.726
2256,0,0,13463,1,5.2440,1.703
2257,0,0,13463,1,5.0655,1.693
2258,0,0,13463,1,5.0655,1.667
2259,0,0,13463,1,5.1071,1.594
2260,0,0,13463,1,4.8869,1.480
2261,0,0,13463,1,4.9583,1.709
2262,0,0,13463,1,4.9226,1.561
2263,0,0,13463,1,4.9940,1.503
2264,0,0,13463,1,5.0476,1.544
2265,0,0,13463,1,5.0119,1.536
2266,0,0,13463,1,4.8810,1.764
2267,0,0,13463,1,5.3214,1.857
2268,0,0,13463,1,5.1131,1.610
2269,0,0,13463,1,4.8750,1.574
2270,0,0,13463,1,4.9583,1.595
2271,0,0,13463,1,4.9940,1.496
2272,0,0,13463,1,5.2798,1.762
2273,0,0,13463,1,5.0119,1.559
2274,0,0,13463,1,5.2262,1.775
2275,0,0,13463,1,4.6548,1.402
2276,0,0,13463,1,4.7857,1.383
2277,0,0,13463,1,4.9167,1.607
2278,0,0,13463,1,4.8631,1.464
2279,0,0,13463,1,4.9048,1.467
2280,0,0,13463,1,5.0000,1.721
2281,0,0,13463,1,4.7976,1.724
2282,0,0,13463,1,4.6250,1.343
2283,0,0,13463,1,4.8810,1.533
2284,0,0,13463,1,5.1250,1.603
2285,0,0,13463,1,5.1607,1.527
2286,0,0,13463,1,4.8929,1.562
2287,0,0,13463,1,4.9464,1.453
2288,0,0,13463,1,4.8690,1.431
2289,0,0,13463,1,4.9107,1.513
2290,1,1,13464,2,4.8452,2.154
2291,0,0,13464,1,5.0357,1.612
2292,0,0,13464,1,5.1488,1.627
2293,0,0,13464,1,5.2798,1.630
2294,0,0,13464,1,5.3512,1.933
2295,0,0,13464,1,5.1905,1.646
2296,0,0,13464,1,5.0655,1.726
2297,0,0,13464,1,4.9464,1.536
2298,0,0,13464,1,4.8810,1.392
2299,0,0,13464,1,4.7381,1.911
2300,0,0,13464,1,4.9107,1.572
2301,0,0,13464,1,5.1786,1.646
2302,1,2,13466,3,4.9345,1.771
2303,0,0,13466,1,4.9226,1.534
2304,0,0,13466,1,4.9821,1.637
2305,0,0,13466,1,4.7500,1.579
2306,0,0,13466,1,4.7321,1.470
2307,0,0,13466,1,4.8690,1.479
2308,0,0,13466,1,4.9048,1.728
2309,0,0,13466,1,4.8690,1.540
2310,0,0,13466,1,4.9464,1.559
2311,0,0,13466,1,5.5417,1.951
2312,0,0,13466,1,5.1369,1.797
2313,0,0,13466,1,5.0595,2.014
2314,0,0,13466,1,4.9821,1.623
2315,0,0,13466,1,4.8333,2.358
2316,0,0,13466,1,4.8214,1.482
2317,1,216,13682,215,5.3333,248.614
2318,0,0,13682,1,5.0714,1.627
2319,0,0,13682,1,4.9940,1.551
2320,0,0,13682,1,5.1845,1.663
2321,0,0,13682,1,5.0238,1.601
2322,0,0,13682,1,5.0060,1.535
2323,0,0,13682,1,5.1369,1.637
2324,0,0,13682,1,5.0060,2.085
2325,0,0,13682,1,4.8869,1.568
2326,0,0,13682,1,5.0417,1.693
2327,0,0,13682,1,4.8690,1.505
2328,0,0,13682,1,4.5595,1.254
2329,0,0,13682,1,5.3155,1.861
2330,0,0,13682,1,4.9524,1.539
2331,0,0,13682,1,4.9167,1.419
2332,0,0,13682,1,5.2143,1.722
2333,0,0,13682,1,4.9464,1.548
2334,0,0,13682,1,5.0952,1.661
2335,0,0,13682,1,5.0000,1.541
2336,0,0,13682,1,4.9167,1.742
2337,0,0,13682,1,5.1190,1.623
2338,0,0,13682,1,5.1012,1.571
2339,0,0,13682,1,4.7560,1.438
2340,0,0,13682,1,5.2024,1.652
2341,0,0,13682,1,4.9940,1.551
2342,0,0,13682,1,5.1012,1.631
2343,0,0,13682,1,4.6607,1.383
2344,0,0,13682,1,4.8631,1.445
2345,0,0,13682,1,5.0357,1.654
2346,0,0,13682,1,4.7857,1.536
2347,0,0,13682,1,4.9405,1.573
2348,0,0,13682,1,5.0357,1.780
2349,0,0,13682,1,4.9881,2.280
2350,0,0,13682,1,5.2798,2.278
2351,0,0,13682,1,5.2024,1.996
2352,0,0,13682,1,4.9048,2.041
2353,0,0,13682,1,4.9405,1.907
2354,0,0,13682,1,5.2798,1.893
2355,0,0,13682,1,4.9286,1.906
2356,0,0,13682,1,4.9226,2.043
2357,0,0,13682,1,4.8452,1.810
2358,0,0,13682,1,4.6310,1.412
2359,0,0,13682,1,4.8452,1.546
2360,0,0,13682,1,5.0476,1.685
2361,0,0,13682,1,4.9405,1.535
2362,0,0,13682,1,4.8452,1.673
2363,0,0,13682,1,4.9940,1.532
2364,0,0,13682,1,4.8393,1.654
2365,0,0,13682,1,4.9762,1.433
2366,0,0,13682,1,4.7857,1.464
2367,1,3,13685,4,5.2262,3.317
2368,0,0,13685,1,4.9405,1.792
2369,0,0,13685,1,5.0774,1.816
2370,0,0,13685,1,5.2976,1.836
2371,0,0,13685,1,4.9107,1.695
2372,0,0,13685,1,4.9226,1.481
2373,0,0,13685,1,4.8690,1.415
2374,0,0,13685,1,4.9405,1.531
2375,0,0,13685,1,5.0833,1.471
2376,0,0,13685,1,5.0476,1.582
2377,1,4,13689,5,5.3274,7.998
2378,0,0,13689,1,4.8274,1.625
2379,0,0,13689,1,5.1548,1.857
2380,0,0,13689,1,4.9702,1.644
2381,0,0,13689,1,5.0179,1.802
2382,0,0,13689,1,4.8929,1.663
2383,0,0,13689,1,4.8214,1.495
2384,0,0,13689,1,4.9167,1.726
2385,0,0,13689,1,4.8512,1.609
2386,0,0,13689,1,5.0060,1.556
2387,0,0,13689,1,4.8690,1.668
2388,0,0,13689,1,5.1964,1.819
2389,0,0,13689,1,5.0357,1.880
2390,0,0,13689,1,4.8869,1.695
2391,0,0,13689,1,5.1964,1.701
2392,0,0,13689,1,5.0119,1.573
2393,0,0,13689,1,4.7976,1.475
2394,0,0,13689,1,4.6250,1.575
2395,0,0,13689,1,4.9464,1.530
2396,0,0,13689,1,4.6905,1.338
2397,0,0,13689,1,5.1607,1.592
2398,0,0,13689,1,4.9881,1.694
2399,0,0,13689,1,5.0595,1.620
2400,0,0,13689,1,5.0417,1.602
2401,0,0,13689,1,4.9107,1.650
2402,0,0,13689,1,4.9405,1.590
2403,0,0,13689,1,5.0655,1.562
2404,0,0,13689,1,5.0238,1.548
2405,0,0,13689,1,5.1071,1.538
2406,0,0,13689,1,4.9643,1.444
2407,0,0,13689,1,4.8095,1.516
2408,0,0,13689,1,5.2024,1.587
2409,0,0,13689,1,5.0417,1.510
2410,0,0,13689,1,5.2024,1.702
2411,0,0,13689,1,4.6250,1.503
2412,0,0,13689,1,5.0774,1.577
2413,0,0,13689,1,5.0238,1.695
2414,0,0,13689,1,4.7917,1.371
2415,0,0,13689,1,4.7619,1.422
2416,0,0,13689,1,4.8036,1.605
2417,0,0,13689,1,5.3631,1.793
2418,0,0,13689,1,5.0298,1.711
2419,0,0,13689,1,4.9286,1.543
2420,0,0,13689,1,5.3155,1.756
2421,0,0,13689,1,5.3988,1.778
2422,0,0,13689,1,4.9464,1.530
2423,0,0,13689,1,5.1190,1.692
2424,0,0,13689,1,4.9107,1.630
2425,0,0,13689,1,5.1548,1.622
2426,0,0,13689,1,5.0774,1.534
2427,0,0,13689,1,5.0655,1.603
2428,0,0,13689,1,4.9107,1.512
2429,0,0,13689,1,5.0417,1.656
2430,1,40,13729,41,5.1071,35.374
2431,0,0,13729,1,4.7798,1.463
2432,0,0,13729,1,4.9167,1.688
2433,0,0,13729,1,4.8929,1.537
2434,0,0,13729,1,4.7202,1.648
2435,0,0,13729,1,4.9583,1.602
2436,0,0,13729,1,5.0179,1.471
2437,0,0,13729,1,5.0893,1.875
2438,0,0,13729,1,5.1429,1.619
2439,0,0,13729,1,5.0298,1.571
2440,0,0,13729,1,4.9643,1.774
2441,0,0,13729,1,4.6369,1.570
2442,0,0,13729,1,5.1726,1.721
2443,0,0,13729,1,4.8810,2.093
2444,0,0,13729,1,5.0060,1.658
2445,0,0,13729,1,5.2798,1.982
2446,0,0,13729,1,5.0417,1.610
2447,0,0,13729,1,4.5893,1.412
2448,0,0,13729,1,5.0595,1.571
2449,0,0,13729,1,4.6607,1.344
2450,0,0,13729,1,4.7857,1.412
2451,0,0,13729,1,4.9524,1.723
2452,0,0,13729,1,5.2083,1.603
2453,0,0,13729,1,4.8750,1.871
2454,0,0,13729,1,5.1548,1.686
2455,0,0,13729,1,4.8036,1.599
2456,0,0,13729,1,4.7798,1.725
2457,0,0,13729,1,5.0119,1.603
2458,0,0,13729,1,4.8512,1.508
2459,0,0,13729,1,5.0952,1.684
2460,0,0,13729,1,4.8393,1.781
2461,0,0,13729,1,4.7083,1.615
2462,0,0,13729,1,4.7143,1.539
2463,0,0,13729,1,4.7976,1.607
2464,0,0,13729,1,4.7143,1.581
2465,0,0,13729,1,5.1071,1.824
2466,1,2,13731,3,4.9464,4.335
2467,0,0,13731,1,5.1488,1.595
2468,0,0,13731,1,5.0179,1.572
2469,0,0,13731,1,4.8810,1.471
2470,0,0,13731,1,5.0536,1.612
2471,0,0,13731,1,5.1012,1.609
2472,0,0,13731,1,5.1726,1.807
2473,0,0,13731,1,5.3929,1.728
2474,0,0,13731,1,5.0119,1.700
2475,0,0,13731,1,4.7976,1.352
2476,0,0,13731,1,5.0893,1.535
2477,0,0,13731,1,5.0238,1.643
2478,0,0,13731,1,4.8929,1.568
2479,0,0,13731,1,4.9940,1.435
2480,0,0,13731,1,4.8036,1.444
2481,0,0,13731,1,4.9464,1.503
2482,0,0,13731,1,4.8810,1.444
2483,0,0,13731,1,5.0833,1.532
2484,0,0,13731,1,5.0893,1.610
2485,1,560,14291,560,5.0238,479.400
2486,0,0,14291,1,5.0476,1.673
2487,0,0,14291,1,4.8393,1.742
2488,0,0,14291,1,5.2857,1.707
2489,0,0,14291,1,5.1845,1.818
2490,0,0,14291,1,4.8095,1.568
2491,0,0,14291,1,5.1548,1.703
2492,0,0,14291,1,4.8631,1.568
2493,0,0,14291,1,5.3274,1.914
2494,0,0,14291,1,5.1190,1.962
2495,0,0,14291,1,5.2262,1.774
2496,0,0,14291,1,4.8393,1.720
2497,0,0,14291,1,4.9643,1.604
2498,0,0,14291,1,4.7500,1.740
2499,0,0,14291,1,5.0000,1.744
2500,0,0,14291,1,5.0536,1.732
2501,0,0,14291,1,4.9464,1.605
2502,0,0,14291,1,4.8393,1.660
2503,0,0,14291,1,5.1250,1.617
2504,0,0,14291,1,5.0417,1.578
2505,0,0,14291,1,4.8512,1.506
2506,0,0,14291,1,5.1667,1.808
2507,0,0,14291,1,5.2738,1.673
2508,0,0,14291,1,5.2857,1.775
2509,0,0,14291,1,5.1607,1.684
2510,0,0,14291,1,4.9226,1.642
2511,0,0,14291,1,5.0060,1.806
2512,0,0,14291,1,5.2500,1.915
2513,0,0,14291,1,5.1190,1.632
2514,0,0,14291,1,4.7500,1.385
2515,0,0,14291,1,4.9107,1.568
2516,0,0,14291,1,4.8333,1.434
2517,0,0,14291,1,4.9107,1.588
2518,0,0,14291,1,4.9048,1.613
2519,0,0,14291,1,5.2500,1.793
2520,0,0,14291,1,4.8214,1.616
2521,0,0,14291,1,4.6905,1.470
2522,0,0,14291,1,4.9940,1.584
2523,0,0,14291,1,4.9821,1.598
2524,0,0,14291,1,4.7917,1.498
2525,0,0,14291,1,4.8333,1.537
2526,0,0,14291,1,5.3036,1.814
2527,0,0,14291,1,5.0833,1.620
2528,0,0,14291,1,4.7857,1.624
2529,0,0,14291,1,5.1071,1.651
2530,0,0,14291,1,4.6250,1.472
2531,0,0,14291,1,4.8750,1.594
2532,0,0,14291,1,4.9762,1.691
2533,0,0,14291,1,5.2381,2.020
2534,0,0,14291,1,5.1190,1.769
2535,0,0,14291,1,5.0774,1.609
2536,0,0,14291,1,5.0595,1.666
2537,0,0,14291,1,5.2857,1.902
2538,0,0,14291,1,5.1071,1.686
2539,0,0,14291,1,4.7917,1.495
2540,0,0,14291,1,5.0952,1.601
2541,0,0,14291,1,4.5476,1.371
2542,0,0,14291,1,4.8393,1.582
2543,0,0,14291,1,4.8690,1.511
2544,0,0,14291,1,4.9464,1.862
2545,0,0,14291,1,4.9762,1.791
2546,0,0,14291,1,4.7500,1.590
2547,0,0,14291,1,4.7798,1.649
2548,0,0,14291,1,5.0774,1.569
2549,0,0,14291,1,4.9583,1.483
2550,0,0,14291,1,4.8571,1.525
2551,0,0,14291,1,4.8274,1.550
2552,0,0,14291,1,4.8571,1.748
2553,0,0,14291,1,5.1369,1.608
2554,0,0,14291,1,5.1310,1.944
2555,0,0,14291,1,4.9167,1.639
2556,0,0,14291,1,5.0298,1.587
2557,0,0,14291,1,5.0893,1.770
2558,0,0,14291,1,5.0655,1.709
2559,0,0,14291,1,4.9226,1.658
2560,0,0,14291,1,5.0952,1.934
2561,0,0,14291,1,5.0833,1.763
2562,0,0,14291,1,5.0357,1.676
2563,0,0,14291,1,5.0119,1.564
2564,0,0,14291,1,4.9524,1.530
2565,0,0,14291,1,4.9167,2.065
2566,0,0,14291,1,5.2381,1.919
2567,0,0,14291,1,5.0536,1.818
2568,0,0,14291,1,4.9881,1.680
2569,0,0,14291,1,4.8452,1.613
2570,0,0,14291,1,5.2500,1.831
2571,0,0,14291,1,5.0357,1.486
2572,0,0,14291,1,5.0595,1.672
2573,0,0,14291,1,4.9405,1.789
2574,0,0,14291,1,4.9940,1.835
2575,0,0,14291,1,4.9643,1.831
2576,0,0,14291,1,4.7381,1.760
2577,0,0,14291,1,5.0833,1.555
2578,0,0,14291,1,5.1190,1.849
2579,0,0,14291,1,4.8571,1.600
2580,0,0,14291,1,4.9702,1.681
2581,0,0,14291,1,4.9940,1.660
2582,0,0,14291,1,5.2143,1.767
2583,0,0,14291,1,5.0417,1.601
2584,0,0,14291,1,4.9345,1.439
2585,0,0,14291,1,5.0417,1.568
