seed,deadlock_found,new_constraints,total_constraints,iterations,trains_completed,trains_per_hr,cpu_time
1,1,22,22,23,967,5.7560,1.561
2,1,4,26,5,965,5.7440,0.532
3,1,1,27,2,921,5.4821,0.209
4,1,4,31,5,898,5.3452,0.629
5,1,3,34,4,905,5.3869,0.337
6,1,3,37,4,930,5.5357,0.306
7,0,0,37,1,904,5.3810,0.140
8,0,0,37,1,915,5.4464,0.140
9,0,0,37,1,932,5.5476,0.149
10,1,6,43,7,952,5.6667,0.230
11,1,3,46,4,945,5.6250,0.181
12,0,0,46,1,946,5.6310,0.190
13,0,0,46,1,886,5.2738,0.139
14,0,0,46,1,897,5.3393,0.132
15,0,0,46,1,931,5.5417,0.146
16,1,3,49,4,930,5.5357,0.353
17,0,0,49,1,936,5.5714,0.149
18,1,2,51,3,969,5.7679,0.217
19,1,15,66,16,911,5.4226,1.393
20,0,0,66,1,864,5.1429,0.128
21,0,0,66,1,877,5.2202,0.134
22,1,1,67,2,881,5.2440,0.200
23,0,0,67,1,911,5.4226,0.147
24,1,1,68,2,924,5.5000,0.228
25,0,0,68,1,954,5.6786,0.151
26,0,0,68,1,931,5.5417,0.147
27,0,0,68,1,894,5.3214,0.142
28,1,1,69,2,898,5.3452,0.251
29,0,0,69,1,878,5.2262,0.134
30,0,0,69,1,943,5.6131,0.146
31,0,0,69,1,959,5.7083,0.150
32,0,0,69,1,996,5.9286,0.158
33,0,0,69,1,903,5.3750,0.144
34,0,0,69,1,882,5.2500,0.131
35,1,1,70,2,937,5.5774,0.261
36,0,0,70,1,955,5.6845,0.151
37,0,0,70,1,920,5.4762,0.153
38,0,0,70,1,893,5.3155,0.134
39,0,0,70,1,934,5.5595,0.146
40,1,6,76,7,943,5.6131,0.484
41,0,0,76,1,917,5.4583,0.144
42,0,0,76,1,910,5.4167,0.144
43,0,0,76,1,902,5.3690,0.135
44,0,0,76,1,931,5.5417,0.149
45,0,0,76,1,936,5.5714,0.152
46,0,0,76,1,925,5.5060,0.149
47,0,0,76,1,903,5.3750,0.133
48,0,0,76,1,942,5.6071,0.147
49,0,0,76,1,967,5.7560,0.152
50,0,0,76,1,879,5.2321,0.136
51,0,0,76,1,950,5.6548,0.155
52,0,0,76,1,921,5.4821,0.142
53,0,0,76,1,974,5.7976,0.161
54,0,0,76,1,899,5.3512,0.139
55,0,0,76,1,888,5.2857,0.135
56,0,0,76,1,950,5.6548,0.151
57,0,0,76,1,902,5.3690,0.141
58,0,0,76,1,916,5.4524,0.139
59,0,0,76,1,913,5.4345,0.145
60,0,0,76,1,937,5.5774,0.137
61,0,0,76,1,936,5.5714,0.150
62,0,0,76,1,878,5.2262,0.140
63,0,0,76,1,892,5.3095,0.130
64,0,0,76,1,893,5.3155,0.135
65,0,0,76,1,942,5.6071,0.150
66,1,25,101,26,921,5.4821,3.661
67,0,0,101,1,949,5.6488,0.157
68,0,0,101,1,896,5.3333,0.138
69,0,0,101,1,942,5.6071,0.151
70,0,0,101,1,891,5.3036,0.138
71,0,0,101,1,918,5.4643,0.141
72,0,0,101,1,877,5.2202,0.136
73,0,0,101,1,881,5.2440,0.137
74,0,0,101,1,885,5.2679,0.135
75,0,0,101,1,912,5.4286,0.140
76,0,0,101,1,933,5.5536,0.149
77,0,0,101,1,898,5.3452,0.143
78,0,0,101,1,952,5.6667,0.154
79,0,0,101,1,884,5.2619,0.136
80,0,0,101,1,916,5.4524,0.143
81,0,0,101,1,897,5.3393,0.143
82,0,0,101,1,913,5.4345,0.144
83,0,0,101,1,983,5.8512,0.158
84,0,0,101,1,964,5.7381,0.154
85,0,0,101,1,932,5.5476,0.153
86,0,0,101,1,888,5.2857,0.135
87,0,0,101,1,891,5.3036,0.143
88,0,0,101,1,971,5.7798,0.152
89,0,0,101,1,905,5.3869,0.141
90,0,0,101,1,921,5.4821,0.143
91,0,0,101,1,930,5.5357,0.145
92,0,0,101,1,917,5.4583,0.149
93,0,0,101,1,968,5.7619,0.164
94,0,0,101,1,957,5.6964,0.149
95,0,0,101,1,903,5.3750,0.136
96,0,0,101,1,903,5.3750,0.134
97,0,0,101,1,920,5.4762,0.152
98,0,0,101,1,884,5.2619,0.138
99,0,0,101,1,915,5.4464,0.145
100,0,0,101,1,906,5.3929,0.143
101,0,0,101,1,886,5.2738,0.133
102,1,1,102,2,888,5.2857,0.159
103,0,0,102,1,924,5.5000,0.143
104,0,0,102,1,1005,5.9821,0.168
105,0,0,102,1,894,5.3214,0.130
106,0,0,102,1,895,5.3274,0.133
107,0,0,102,1,898,5.3452,0.139
108,0,0,102,1,942,5.6071,0.152
109,0,0,102,1,966,5.7500,0.162
110,0,0,102,1,929,5.5298,0.143
111,0,0,102,1,933,5.5536,0.148
112,0,0,102,1,938,5.5833,0.143
113,0,0,102,1,944,5.6190,0.161
114,0,0,102,1,947,5.6369,0.148
115,0,0,102,1,941,5.6012,0.158
116,0,0,102,1,946,5.6310,0.150
117,0,0,102,1,978,5.8214,0.150
118,0,0,102,1,933,5.5536,0.142
119,0,0,102,1,946,5.6310,0.158
120,0,0,102,1,876,5.2143,0.129
121,0,0,102,1,931,5.5417,0.154
122,0,0,102,1,910,5.4167,0.140
123,1,1,103,2,903,5.3750,0.170
124,0,0,103,1,910,5.4167,0.138
125,0,0,103,1,901,5.3631,0.142
126,1,18,121,19,908,5.4048,0.776
127,0,0,121,1,992,5.9048,0.176
128,0,0,121,1,950,5.6548,0.151
129,0,0,121,1,964,5.7381,0.155
130,0,0,121,1,882,5.2500,0.146
131,0,0,121,1,927,5.5179,0.136
132,0,0,121,1,901,5.3631,0.142
133,0,0,121,1,936,5.5714,0.145
134,0,0,121,1,939,5.5893,0.148
135,0,0,121,1,917,5.4583,0.138
136,0,0,121,1,955,5.6845,0.148
137,1,14,135,15,929,5.5298,0.652
138,0,0,135,1,940,5.5952,0.153
139,0,0,135,1,915,5.4464,0.143
140,0,0,135,1,910,5.4167,0.135
141,0,0,135,1,925,5.5060,0.152
142,0,0,135,1,874,5.2024,0.137
143,0,0,135,1,963,5.7321,0.156
144,0,0,135,1,939,5.5893,0.174
145,0,0,135,1,998,5.9405,0.169
146,0,0,135,1,939,5.5893,0.145
147,0,0,135,1,941,5.6012,0.160
148,0,0,135,1,883,5.2560,0.144
149,0,0,135,1,907,5.3988,0.142
150,0,0,135,1,903,5.3750,0.142
151,0,0,135,1,859,5.1131,0.142
152,0,0,135,1,942,5.6071,0.157
153,0,0,135,1,935,5.5655,0.162
154,0,0,135,1,916,5.4524,0.158
155,0,0,135,1,936,5.5714,0.154
156,0,0,135,1,968,5.7619,0.174
157,0,0,135,1,938,5.5833,0.153
158,0,0,135,1,909,5.4107,0.154
159,0,0,135,1,927,5.5179,0.153
160,0,0,135,1,952,5.6667,0.161
161,0,0,135,1,957,5.6964,0.182
162,0,0,135,1,945,5.6250,0.178
163,0,0,135,1,899,5.3512,0.159
164,0,0,135,1,947,5.6369,0.158
165,0,0,135,1,910,5.4167,0.145
166,0,0,135,1,937,5.5774,0.171
167,0,0,135,1,931,5.5417,0.148
168,0,0,135,1,899,5.3512,0.134
169,0,0,135,1,898,5.3452,0.154
170,0,0,135,1,893,5.3155,0.145
171,0,0,135,1,955,5.6845,0.155
172,0,0,135,1,941,5.6012,0.171
173,0,0,135,1,915,5.4464,0.143
174,0,0,135,1,865,5.1488,0.137
175,0,0,135,1,925,5.5060,0.150
176,0,0,135,1,892,5.3095,0.143
177,0,0,135,1,941,5.6012,0.161
178,0,0,135,1,912,5.4286,0.165
179,0,0,135,1,939,5.5893,0.176
180,0,0,135,1,890,5.2976,0.163
181,1,2,137,3,910,5.4167,0.227
182,0,0,137,1,916,5.4524,0.143
183,0,0,137,1,877,5.2202,0.134
184,0,0,137,1,909,5.4107,0.158
185,0,0,137,1,934,5.5595,0.154
186,0,0,137,1,880,5.2381,0.142
187,0,0,137,1,933,5.5536,0.155
188,0,0,137,1,900,5.3571,0.144
189,0,0,137,1,918,5.4643,0.150
190,1,1,138,2,916,5.4524,0.268
191,0,0,138,1,932,5.5476,0.150
192,0,0,138,1,884,5.2619,0.142
193,0,0,138,1,930,5.5357,0.152
194,0,0,138,1,930,5.5357,0.145
195,0,0,138,1,888,5.2857,0.139
196,0,0,138,1,914,5.4405,0.153
197,0,0,138,1,907,5.3988,0.144
198,0,0,138,1,960,5.7143,0.166
199,0,0,138,1,941,5.6012,0.176
200,1,1,139,2,942,5.6071,0.241
201,0,0,139,1,892,5.3095,0.148
202,0,0,139,1,933,5.5536,0.149
203,0,0,139,1,915,5.4464,0.170
204,0,0,139,1,948,5.6429,0.163
205,0,0,139,1,938,5.5833,0.147
206,0,0,139,1,934,5.5595,0.144
207,0,0,139,1,895,5.3274,0.140
208,0,0,139,1,964,5.7381,0.162
209,0,0,139,1,955,5.6845,0.165
210,0,0,139,1,928,5.5238,0.160
211,0,0,139,1,941,5.6012,0.165
212,0,0,139,1,933,5.5536,0.146
213,0,0,139,1,942,5.6071,0.225
214,1,2,141,3,926,5.5119,0.430
215,0,0,141,1,873,5.1964,0.204
216,0,0,141,1,866,5.1548,0.174
217,0,0,141,1,938,5.5833,0.190
218,0,0,141,1,947,5.6369,0.182
219,0,0,141,1,909,5.4107,0.139
220,0,0,141,1,942,5.6071,0.163
221,0,0,141,1,932,5.5476,0.160
222,0,0,141,1,917,5.4583,0.143
223,0,0,141,1,865,5.1488,0.136
224,0,0,141,1,930,5.5357,0.145
225,0,0,141,1,847,5.0417,0.136
226,0,0,141,1,886,5.2738,0.152
227,0,0,141,1,962,5.7262,0.166
228,0,0,141,1,960,5.7143,0.166
229,0,0,141,1,870,5.1786,0.143
230,0,0,141,1,936,5.5714,0.147
231,0,0,141,1,876,5.2143,0.205
232,0,0,141,1,874,5.2024,0.158
233,0,0,141,1,930,5.5357,0.189
234,0,0,141,1,932,5.5476,0.141
235,0,0,141,1,936,5.5714,0.144
236,0,0,141,1,935,5.5655,0.148
237,0,0,141,1,939,5.5893,0.147
238,0,0,141,1,939,5.5893,0.153
239,0,0,141,1,936,5.5714,0.206
240,0,0,141,1,949,5.6488,0.149
241,0,0,141,1,901,5.3631,0.172
242,0,0,141,1,897,5.3393,0.153
243,0,0,141,1,876,5.2143,0.148
244,0,0,141,1,945,5.6250,0.150
245,0,0,141,1,890,5.2976,0.165
246,0,0,141,1,905,5.3869,0.205
247,0,0,141,1,921,5.4821,0.185
248,0,0,141,1,957,5.6964,0.166
249,0,0,141,1,943,5.6131,0.174
250,0,0,141,1,998,5.9405,0.200
251,0,0,141,1,929,5.5298,0.142
252,0,0,141,1,885,5.2679,0.144
253,0,0,141,1,877,5.2202,0.142
254,1,323,464,321,1011,6.0179,37.181
255,0,0,464,1,917,5.4583,0.160
256,0,0,464,1,927,5.5179,0.158
257,0,0,464,1,976,5.8095,0.171
258,0,0,464,1,980,5.8333,0.189
259,0,0,464,1,928,5.5238,0.155
260,0,0,464,1,950,5.6548,0.165
261,0,0,464,1,929,5.5298,0.162
262,0,0,464,1,885,5.2679,0.153
263,0,0,464,1,890,5.2976,0.166
264,0,0,464,1,890,5.2976,0.161
265,0,0,464,1,932,5.5476,0.155
266,0,0,464,1,930,5.5357,0.154
267,0,0,464,1,921,5.4821,0.154
268,0,0,464,1,935,5.5655,0.159
269,0,0,464,1,944,5.6190,0.186
270,0,0,464,1,963,5.7321,0.156
271,0,0,464,1,933,5.5536,0.167
272,0,0,464,1,996,5.9286,0.192
273,0,0,464,1,973,5.7917,0.179
274,0,0,464,1,950,5.6548,0.169
275,0,0,464,1,927,5.5179,0.162
276,0,0,464,1,907,5.3988,0.149
277,1,7,471,8,932,5.5476,0.715
278,1,1,472,2,952,5.6667,0.210
279,0,0,472,1,925,5.5060,0.159
280,0,0,472,1,934,5.5595,0.178
281,0,0,472,1,923,5.4940,0.165
282,0,0,472,1,980,5.8333,0.167
283,0,0,472,1,973,5.7917,0.171
284,0,0,472,1,892,5.3095,0.159
285,0,0,472,1,922,5.4881,0.162
286,1,1,473,2,914,5.4405,0.268
287,0,0,473,1,983,5.8512,0.167
288,0,0,473,1,901,5.3631,0.152
289,0,0,473,1,925,5.5060,0.159
290,0,0,473,1,973,5.7917,0.172
291,0,0,473,1,916,5.4524,0.154
292,0,0,473,1,953,5.6726,0.173
293,0,0,473,1,922,5.4881,0.158
294,0,0,473,1,839,4.9940,0.138
295,0,0,473,1,902,5.3690,0.147
296,0,0,473,1,917,5.4583,0.160
297,0,0,473,1,928,5.5238,0.155
298,0,0,473,1,923,5.4940,0.163
299,0,0,473,1,911,5.4226,0.154
300,0,0,473,1,916,5.4524,0.165
301,0,0,473,1,937,5.5774,0.168
302,0,0,473,1,935,5.5655,0.164
303,0,0,473,1,927,5.5179,0.163
304,0,0,473,1,917,5.4583,0.173
305,0,0,473,1,898,5.3452,0.150
306,0,0,473,1,915,5.4464,0.154
307,0,0,473,1,956,5.6905,0.174
308,0,0,473,1,916,5.4524,0.169
309,0,0,473,1,886,5.2738,0.148
310,0,0,473,1,909,5.4107,0.149
311,0,0,473,1,866,5.1548,0.137
312,0,0,473,1,971,5.7798,0.180
313,0,0,473,1,928,5.5238,0.176
314,0,0,473,1,922,5.4881,0.158
315,0,0,473,1,894,5.3214,0.142
316,0,0,473,1,881,5.2440,0.149
317,1,2,475,3,902,5.3690,0.463
318,0,0,475,1,943,5.6131,0.179
319,0,0,475,1,938,5.5833,0.155
320,0,0,475,1,907,5.3988,0.156
321,0,0,475,1,1017,6.0536,0.194
322,1,76,551,77,971,5.7798,2.181
323,0,0,551,1,924,5.5000,0.160
324,0,0,551,1,927,5.5179,0.157
325,0,0,551,1,935,5.5655,0.174
326,0,0,551,1,891,5.3036,0.157
327,0,0,551,1,948,5.6429,0.169
328,0,0,551,1,929,5.5298,0.172
329,0,0,551,1,936,5.5714,0.165
330,0,0,551,1,910,5.4167,0.158
331,0,0,551,1,894,5.3214,0.144
332,0,0,551,1,964,5.7381,0.189
333,0,0,551,1,919,5.4702,0.159
334,0,0,551,1,911,5.4226,0.159
335,0,0,551,1,904,5.3810,0.154
336,0,0,551,1,932,5.5476,0.157
337,0,0,551,1,877,5.2202,0.153
338,0,0,551,1,891,5.3036,0.154
339,0,0,551,1,940,5.5952,0.161
340,0,0,551,1,877,5.2202,0.143
341,0,0,551,1,934,5.5595,0.163
342,0,0,551,1,934,5.5595,0.171
343,0,0,551,1,928,5.5238,0.158
344,0,0,551,1,917,5.4583,0.172
345,0,0,551,1,921,5.4821,0.157
346,0,0,551,1,878,5.2262,0.144
347,0,0,551,1,938,5.5833,0.160
348,0,0,551,1,889,5.2917,0.154
349,0,0,551,1,915,5.4464,0.162
350,0,0,551,1,901,5.3631,0.162
351,0,0,551,1,895,5.3274,0.160
352,0,0,551,1,913,5.4345,0.155
353,0,0,551,1,963,5.7321,0.167
354,0,0,551,1,897,5.3393,0.158
355,0,0,551,1,928,5.5238,0.169
356,0,0,551,1,888,5.2857,0.152
357,0,0,551,1,893,5.3155,0.163
358,0,0,551,1,933,5.5536,0.175
359,0,0,551,1,942,5.6071,0.171
360,0,0,551,1,949,5.6488,0.163
361,0,0,551,1,948,5.6429,0.170
362,0,0,551,1,916,5.4524,0.157
363,0,0,551,1,907,5.3988,0.153
364,0,0,551,1,944,5.6190,0.169
365,0,0,551,1,923,5.4940,0.160
366,0,0,551,1,960,5.7143,0.179
367,0,0,551,1,942,5.6071,0.171
368,0,0,551,1,847,5.0417,0.135
369,0,0,551,1,896,5.3333,0.157
370,0,0,551,1,908,5.4048,0.150
371,0,0,551,1,889,5.2917,0.162
372,0,0,551,1,963,5.7321,0.170
373,0,0,551,1,904,5.3810,0.167
374,0,0,551,1,875,5.2083,0.137
375,0,0,551,1,905,5.3869,0.156
376,0,0,551,1,892,5.3095,0.156
377,0,0,551,1,938,5.5833,0.164
378,0,0,551,1,922,5.4881,0.157
379,0,0,551,1,970,5.7738,0.171
380,0,0,551,1,935,5.5655,0.158
381,0,0,551,1,877,5.2202,0.149
382,0,0,551,1,883,5.2560,0.147
383,0,0,551,1,890,5.2976,0.151
384,0,0,551,1,891,5.3036,0.147
385,0,0,551,1,905,5.3869,0.162
386,0,0,551,1,967,5.7560,0.172
387,0,0,551,1,958,5.7024,0.169
388,0,0,551,1,914,5.4405,0.176
389,0,0,551,1,863,5.1369,0.147
390,0,0,551,1,905,5.3869,0.156
391,0,0,551,1,948,5.6429,0.176
392,0,0,551,1,991,5.8988,0.183
393,0,0,551,1,920,5.4762,0.160
394,0,0,551,1,929,5.5298,0.164
395,0,0,551,1,923,5.4940,0.159
396,0,0,551,1,896,5.3333,0.150
397,0,0,551,1,961,5.7202,0.167
398,0,0,551,1,943,5.6131,0.184
399,1,1,552,2,952,5.6667,0.307
400,0,0,552,1,952,5.6667,0.173
401,0,0,552,1,873,5.1964,0.138
402,0,0,552,1,894,5.3214,0.150
403,0,0,552,1,922,5.4881,0.158
404,0,0,552,1,957,5.6964,0.173
405,0,0,552,1,930,5.5357,0.161
406,0,0,552,1,900,5.3571,0.158
407,0,0,552,1,947,5.6369,0.171
408,0,0,552,1,939,5.5893,0.172
409,0,0,552,1,915,5.4464,0.155
410,0,0,552,1,907,5.3988,0.158
411,0,0,552,1,948,5.6429,0.173
412,0,0,552,1,954,5.6786,0.165
413,0,0,552,1,975,5.8036,0.181
414,0,0,552,1,908,5.4048,0.150
415,0,0,552,1,975,5.8036,0.185
416,0,0,552,1,952,5.6667,0.165
417,0,0,552,1,931,5.5417,0.179
418,0,0,552,1,907,5.3988,0.152
419,0,0,552,1,950,5.6548,0.174
420,0,0,552,1,916,5.4524,0.166
421,1,5,557,6,961,5.7202,1.106
422,0,0,557,1,950,5.6548,0.167
423,0,0,557,1,879,5.2321,0.155
424,0,0,557,1,925,5.5060,0.164
425,0,0,557,1,903,5.3750,0.166
426,1,1,558,2,957,5.6964,0.231
427,0,0,558,1,930,5.5357,0.166
428,0,0,558,1,879,5.2321,0.145
429,0,0,558,1,937,5.5774,0.193
430,0,0,558,1,891,5.3036,0.150
431,0,0,558,1,979,5.8274,0.173
432,0,0,558,1,973,5.7917,0.197
433,0,0,558,1,909,5.4107,0.167
434,0,0,558,1,881,5.2440,0.152
435,0,0,558,1,985,5.8631,0.182
436,0,0,558,1,920,5.4762,0.176
437,0,0,558,1,944,5.6190,0.159
438,0,0,558,1,925,5.5060,0.152
439,0,0,558,1,953,5.6726,0.166
440,0,0,558,1,944,5.6190,0.170
441,0,0,558,1,922,5.4881,0.165
442,0,0,558,1,964,5.7381,0.169
443,0,0,558,1,885,5.2679,0.162
444,0,0,558,1,964,5.7381,0.164
445,0,0,558,1,910,5.4167,0.162
446,0,0,558,1,996,5.9286,0.185
447,1,3,561,4,911,5.4226,0.670
448,0,0,561,1,908,5.4048,0.170
449,0,0,561,1,943,5.6131,0.173
450,0,0,561,1,922,5.4881,0.164
451,0,0,561,1,906,5.3929,0.150
452,0,0,561,1,905,5.3869,0.155
453,0,0,561,1,949,5.6488,0.180
454,0,0,561,1,862,5.1310,0.138
455,0,0,561,1,899,5.3512,0.157
456,0,0,561,1,910,5.4167,0.154
457,0,0,561,1,895,5.3274,0.166
458,1,63,624,64,996,5.9286,3.813
459,0,0,624,1,887,5.2798,0.177
460,0,0,624,1,918,5.4643,0.146
461,0,0,624,1,944,5.6190,0.162
462,0,0,624,1,977,5.8155,0.183
463,0,0,624,1,949,5.6488,0.183
464,0,0,624,1,940,5.5952,0.176
465,0,0,624,1,931,5.5417,0.158
466,0,0,624,1,949,5.6488,0.157
467,0,0,624,1,894,5.3214,0.149
468,0,0,624,1,904,5.3810,0.159
469,0,0,624,1,910,5.4167,0.154
470,0,0,624,1,874,5.2024,0.153
471,0,0,624,1,946,5.6310,0.171
472,0,0,624,1,916,5.4524,0.151
473,0,0,624,1,880,5.2381,0.146
474,0,0,624,1,917,5.4583,0.181
475,0,0,624,1,944,5.6190,0.168
476,0,0,624,1,868,5.1667,0.144
477,1,2,626,3,968,5.7619,0.427
478,0,0,626,1,925,5.5060,0.157
479,0,0,626,1,931,5.5417,0.171
480,0,0,626,1,893,5.3155,0.184
481,0,0,626,1,894,5.3214,0.175
482,0,0,626,1,978,5.8214,0.181
483,0,0,626,1,940,5.5952,0.184
484,0,0,626,1,928,5.5238,0.166
485,0,0,626,1,957,5.6964,0.173
486,0,0,626,1,913,5.4345,0.181
487,0,0,626,1,903,5.3750,0.169
488,0,0,626,1,937,5.5774,0.187
489,0,0,626,1,914,5.4405,0.164
490,0,0,626,1,940,5.5952,0.161
491,0,0,626,1,875,5.2083,0.150
492,0,0,626,1,937,5.5774,0.172
493,0,0,626,1,991,5.8988,0.179
494,0,0,626,1,942,5.6071,0.264
495,0,0,626,1,934,5.5595,0.250
496,0,0,626,1,916,5.4524,0.215
497,0,0,626,1,846,5.0357,0.145
498,0,0,626,1,956,5.6905,0.176
499,0,0,626,1,950,5.6548,0.165
500,1,3,629,4,989,5.8869,0.406
501,0,0,629,1,937,5.5774,0.180
502,0,0,629,1,897,5.3393,0.198
503,0,0,629,1,950,5.6548,0.170
504,0,0,629,1,967,5.7560,0.202
505,0,0,629,1,952,5.6667,0.168
506,0,0,629,1,871,5.1845,0.168
507,0,0,629,1,895,5.3274,0.160
508,0,0,629,1,923,5.4940,0.189
509,0,0,629,1,896,5.3333,0.155
510,0,0,629,1,895,5.3274,0.147
511,0,0,629,1,937,5.5774,0.168
512,0,0,629,1,912,5.4286,0.150
513,0,0,629,1,910,5.4167,0.165
514,0,0,629,1,945,5.6250,0.192
515,0,0,629,1,934,5.5595,0.159
516,0,0,629,1,848,5.0476,0.140
517,0,0,629,1,933,5.5536,0.160
518,0,0,629,1,876,5.2143,0.231
519,0,0,629,1,946,5.6310,0.162
520,0,0,629,1,932,5.5476,0.204
521,0,0,629,1,956,5.6905,0.173
522,0,0,629,1,946,5.6310,0.171
523,0,0,629,1,891,5.3036,0.154
524,0,0,629,1,908,5.4048,0.158
525,0,0,629,1,957,5.6964,0.173
526,0,0,629,1,914,5.4405,0.164
527,0,0,629,1,890,5.2976,0.175
528,0,0,629,1,933,5.5536,0.163
529,0,0,629,1,926,5.5119,0.176
530,0,0,629,1,849,5.0536,0.140
531,0,0,629,1,937,5.5774,0.176
532,0,0,629,1,928,5.5238,0.172
533,0,0,629,1,933,5.5536,0.171
534,0,0,629,1,957,5.6964,0.188
535,0,0,629,1,917,5.4583,0.195
536,0,0,629,1,958,5.7024,0.221
537,0,0,629,1,923,5.4940,0.165
538,0,0,629,1,916,5.4524,0.159
539,0,0,629,1,913,5.4345,0.163
540,0,0,629,1,888,5.2857,0.161
541,0,0,629,1,951,5.6607,0.167
542,0,0,629,1,959,5.7083,0.173
543,0,0,629,1,928,5.5238,0.264
544,0,0,629,1,918,5.4643,0.188
545,0,0,629,1,917,5.4583,0.158
546,0,0,629,1,963,5.7321,0.190
547,0,0,629,1,919,5.4702,0.154
548,0,0,629,1,935,5.5655,0.162
549,0,0,629,1,912,5.4286,0.157
550,0,0,629,1,947,5.6369,0.184
551,0,0,629,1,943,5.6131,0.180
552,0,0,629,1,885,5.2679,0.154
553,0,0,629,1,905,5.3869,0.160
554,0,0,629,1,893,5.3155,0.156
555,0,0,629,1,953,5.6726,0.196
556,0,0,629,1,895,5.3274,0.151
557,0,0,629,1,999,5.9464,0.326
558,0,0,629,1,975,5.8036,0.212
559,0,0,629,1,922,5.4881,0.155
560,1,2,631,3,983,5.8512,0.528
561,0,0,631,1,914,5.4405,0.162
562,0,0,631,1,967,5.7560,0.172
563,0,0,631,1,919,5.4702,0.146
564,0,0,631,1,971,5.7798,0.181
565,0,0,631,1,900,5.3571,0.160
566,0,0,631,1,929,5.5298,0.168
567,0,0,631,1,959,5.7083,0.161
568,0,0,631,1,909,5.4107,0.190
569,0,0,631,1,955,5.6845,0.207
570,0,0,631,1,967,5.7560,0.183
571,0,0,631,1,928,5.5238,0.182
572,0,0,631,1,943,5.6131,0.156
573,0,0,631,1,930,5.5357,0.190
574,0,0,631,1,928,5.5238,0.159
575,0,0,631,1,861,5.1250,0.152
576,0,0,631,1,938,5.5833,0.159
577,0,0,631,1,923,5.4940,0.161
578,0,0,631,1,981,5.8393,0.209
579,0,0,631,1,967,5.7560,0.200
580,0,0,631,1,925,5.5060,0.162
581,0,0,631,1,938,5.5833,0.163
582,0,0,631,1,917,5.4583,0.159
583,0,0,631,1,898,5.3452,0.231
584,0,0,631,1,950,5.6548,0.175
585,0,0,631,1,962,5.7262,0.185
586,0,0,631,1,889,5.2917,0.142
587,0,0,631,1,973,5.7917,0.182
588,0,0,631,1,939,5.5893,0.156
589,0,0,631,1,957,5.6964,0.179
590,0,0,631,1,920,5.4762,0.156
591,0,0,631,1,941,5.6012,0.204
592,0,0,631,1,946,5.6310,0.180
593,0,0,631,1,914,5.4405,0.163
594,0,0,631,1,889,5.2917,0.156
595,0,0,631,1,920,5.4762,0.166
596,0,0,631,1,936,5.5714,0.171
597,0,0,631,1,884,5.2619,0.153
598,0,0,631,1,944,5.6190,0.164
599,0,0,631,1,916,5.4524,0.170
600,0,0,631,1,933,5.5536,0.158
601,0,0,631,1,941,5.6012,0.174
602,0,0,631,1,1006,5.9881,0.203
603,0,0,631,1,893,5.3155,0.148
604,0,0,631,1,951,5.6607,0.171
605,0,0,631,1,947,5.6369,0.165
606,0,0,631,1,931,5.5417,0.172
607,0,0,631,1,966,5.7500,0.180
608,0,0,631,1,901,5.3631,0.183
609,0,0,631,1,906,5.3929,0.162
610,0,0,631,1,903,5.3750,0.199
611,0,0,631,1,926,5.5119,0.165
612,0,0,631,1,919,5.4702,0.167
613,0,0,631,1,887,5.2798,0.152
614,0,0,631,1,937,5.5774,0.171
615,0,0,631,1,926,5.5119,0.153
616,0,0,631,1,915,5.4464,0.169
617,0,0,631,1,868,5.1667,0.155
618,0,0,631,1,957,5.6964,0.174
619,0,0,631,1,944,5.6190,0.171
620,0,0,631,1,938,5.5833,0.174
621,0,0,631,1,919,5.4702,0.163
622,0,0,631,1,958,5.7024,0.173
623,0,0,631,1,895,5.3274,0.216
624,0,0,631,1,873,5.1964,0.168
625,0,0,631,1,909,5.4107,0.166
626,0,0,631,1,928,5.5238,0.163
627,0,0,631,1,905,5.3869,0.157
628,0,0,631,1,945,5.6250,0.164
629,0,0,631,1,991,5.8988,0.224
630,1,3,634,4,881,5.2440,0.377
631,0,0,634,1,922,5.4881,0.176
632,0,0,634,1,895,5.3274,0.164
633,0,0,634,1,953,5.6726,0.166
634,0,0,634,1,896,5.3333,0.153
635,0,0,634,1,877,5.2202,0.139
636,0,0,634,1,974,5.7976,0.176
637,0,0,634,1,913,5.4345,0.167
638,0,0,634,1,939,5.5893,0.186
639,1,3,637,4,932,5.5476,0.672
640,0,0,637,1,889,5.2917,0.150
641,0,0,637,1,900,5.3571,0.185
642,0,0,637,1,935,5.5655,0.165
643,0,0,637,1,960,5.7143,0.189
644,0,0,637,1,961,5.7202,0.173
645,0,0,637,1,882,5.2500,0.166
646,0,0,637,1,905,5.3869,0.147
647,0,0,637,1,946,5.6310,0.156
648,0,0,637,1,950,5.6548,0.198
649,0,0,637,1,907,5.3988,0.158
650,0,0,637,1,890,5.2976,0.150
651,0,0,637,1,919,5.4702,0.211
652,0,0,637,1,922,5.4881,0.228
653,0,0,637,1,965,5.7440,0.211
654,0,0,637,1,920,5.4762,0.179
655,0,0,637,1,925,5.5060,0.183
656,0,0,637,1,967,5.7560,0.201
657,0,0,637,1,899,5.3512,0.165
658,0,0,637,1,904,5.3810,0.159
659,0,0,637,1,923,5.4940,0.173
660,1,2,639,3,968,5.7619,0.506
661,0,0,639,1,906,5.3929,0.183
662,0,0,639,1,946,5.6310,0.164
663,0,0,639,1,898,5.3452,0.147
664,0,0,639,1,894,5.3214,0.162
665,0,0,639,1,940,5.5952,0.161
666,0,0,639,1,924,5.5000,0.156
667,0,0,639,1,893,5.3155,0.164
668,0,0,639,1,905,5.3869,0.159
669,0,0,639,1,906,5.3929,0.164
670,0,0,639,1,903,5.3750,0.151
671,0,0,639,1,915,5.4464,0.167
672,0,0,639,1,913,5.4345,0.160
673,0,0,639,1,950,5.6548,0.169
674,0,0,639,1,871,5.1845,0.154
675,0,0,639,1,934,5.5595,0.164
676,0,0,639,1,892,5.3095,0.146
677,0,0,639,1,915,5.4464,0.157
678,0,0,639,1,936,5.5714,0.188
679,0,0,639,1,919,5.4702,0.159
680,0,0,639,1,942,5.6071,0.178
681,0,0,639,1,896,5.3333,0.160
682,0,0,639,1,945,5.6250,0.173
683,0,0,639,1,939,5.5893,0.164
684,0,0,639,1,870,5.1786,0.142
685,0,0,639,1,943,5.6131,0.173
686,0,0,639,1,865,5.1488,0.150
687,0,0,639,1,847,5.0417,0.144
688,0,0,639,1,873,5.1964,0.152
689,0,0,639,1,903,5.3750,0.156
690,0,0,639,1,954,5.6786,0.164
691,0,0,639,1,895,5.3274,0.175
692,0,0,639,1,940,5.5952,0.186
693,0,0,639,1,925,5.5060,0.186
694,0,0,639,1,952,5.6667,0.166
695,0,0,639,1,884,5.2619,0.157
696,0,0,639,1,919,5.4702,0.163
697,0,0,639,1,936,5.5714,0.164
698,0,0,639,1,926,5.5119,0.172
699,0,0,639,1,929,5.5298,0.160
700,0,0,639,1,929,5.5298,0.184
701,0,0,639,1,943,5.6131,0.179
702,0,0,639,1,979,5.8274,0.182
703,0,0,639,1,894,5.3214,0.151
704,0,0,639,1,926,5.5119,0.204
705,0,0,639,1,915,5.4464,0.168
706,0,0,639,1,956,5.6905,0.193
707,0,0,639,1,881,5.2440,0.155
708,0,0,639,1,935,5.5655,0.160
709,1,53,692,54,922,5.4881,0.662
710,0,0,692,1,916,5.4524,0.157
711,0,0,692,1,943,5.6131,0.169
712,0,0,692,1,910,5.4167,0.153
713,0,0,692,1,891,5.3036,0.161
714,0,0,692,1,887,5.2798,0.146
715,0,0,692,1,959,5.7083,0.175
716,0,0,692,1,949,5.6488,0.171
717,0,0,692,1,946,5.6310,0.159
718,0,0,692,1,970,5.7738,0.228
719,0,0,692,1,918,5.4643,0.160
720,0,0,692,1,913,5.4345,0.164
721,0,0,692,1,899,5.3512,0.186
722,0,0,692,1,982,5.8452,0.177
723,1,1,693,2,937,5.5774,0.247
724,0,0,693,1,913,5.4345,0.158
725,1,92,785,93,943,5.6131,8.722
726,0,0,785,1,957,5.6964,0.171
727,0,0,785,1,949,5.6488,0.173
728,1,1,786,2,918,5.4643,0.210
729,0,0,786,1,946,5.6310,0.177
730,0,0,786,1,913,5.4345,0.174
731,0,0,786,1,909,5.4107,0.179
732,0,0,786,1,897,5.3393,0.160
733,0,0,786,1,933,5.5536,0.167
734,0,0,786,1,963,5.7321,0.172
735,1,3,789,4,1002,5.9643,0.567
736,0,0,789,1,968,5.7619,0.183
737,0,0,789,1,921,5.4821,0.166
738,0,0,789,1,853,5.0774,0.142
739,1,12,801,13,962,5.7262,0.550
740,0,0,801,1,899,5.3512,0.164
741,0,0,801,1,854,5.0833,0.149
742,0,0,801,1,918,5.4643,0.160
743,0,0,801,1,929,5.5298,0.173
744,0,0,801,1,905,5.3869,0.166
745,0,0,801,1,907,5.3988,0.167
746,0,0,801,1,927,5.5179,0.174
747,0,0,801,1,940,5.5952,0.176
748,0,0,801,1,962,5.7262,0.176
749,0,0,801,1,926,5.5119,0.173
750,0,0,801,1,901,5.3631,0.165
751,0,0,801,1,908,5.4048,0.158
752,0,0,801,1,924,5.5000,0.162
753,0,0,801,1,937,5.5774,0.171
754,0,0,801,1,918,5.4643,0.167
755,0,0,801,1,887,5.2798,0.156
756,0,0,801,1,881,5.2440,0.153
757,0,0,801,1,938,5.5833,0.167
758,0,0,801,1,905,5.3869,0.162
759,0,0,801,1,929,5.5298,0.175
760,0,0,801,1,903,5.3750,0.163
761,0,0,801,1,987,5.8750,0.197
762,0,0,801,1,961,5.7202,0.184
763,0,0,801,1,928,5.5238,0.159
764,0,0,801,1,930,5.5357,0.174
765,0,0,801,1,959,5.7083,0.182
766,0,0,801,1,974,5.7976,0.176
767,0,0,801,1,900,5.3571,0.158
768,0,0,801,1,938,5.5833,0.175
769,0,0,801,1,908,5.4048,0.156
770,0,0,801,1,905,5.3869,0.159
771,0,0,801,1,920,5.4762,0.162
772,0,0,801,1,939,5.5893,0.164
773,0,0,801,1,918,5.4643,0.158
774,0,0,801,1,932,5.5476,0.176
775,0,0,801,1,954,5.6786,0.179
776,0,0,801,1,897,5.3393,0.160
777,0,0,801,1,871,5.1845,0.157
778,0,0,801,1,913,5.4345,0.176
779,1,1,802,2,916,5.4524,0.199
780,0,0,802,1,892,5.3095,0.167
781,0,0,802,1,918,5.4643,0.173
782,0,0,802,1,969,5.7679,0.171
783,0,0,802,1,923,5.4940,0.193
784,0,0,802,1,959,5.7083,0.177
785,0,0,802,1,925,5.5060,0.177
786,0,0,802,1,953,5.6726,0.179
787,0,0,802,1,922,5.4881,0.170
788,0,0,802,1,988,5.8810,0.196
789,0,0,802,1,930,5.5357,0.165
790,0,0,802,1,930,5.5357,0.199
791,0,0,802,1,935,5.5655,0.173
792,0,0,802,1,934,5.5595,0.175
793,0,0,802,1,905,5.3869,0.163
794,1,74,876,75,940,5.5952,8.773
795,0,0,876,1,900,5.3571,0.167
796,0,0,876,1,883,5.2560,0.159
797,0,0,876,1,908,5.4048,0.167
798,1,1,877,2,944,5.6190,0.268
799,0,0,877,1,867,5.1607,0.152
800,0,0,877,1,911,5.4226,0.163
801,0,0,877,1,957,5.6964,0.171
802,0,0,877,1,991,5.8988,0.179
803,0,0,877,1,897,5.3393,0.157
804,0,0,877,1,893,5.3155,0.155
805,0,0,877,1,953,5.6726,0.174
806,0,0,877,1,903,5.3750,0.157
807,0,0,877,1,924,5.5000,0.186
808,0,0,877,1,950,5.6548,0.179
809,0,0,877,1,939,5.5893,0.173
810,0,0,877,1,936,5.5714,0.174
811,0,0,877,1,941,5.6012,0.175
812,0,0,877,1,904,5.3810,0.159
813,0,0,877,1,896,5.3333,0.159
814,0,0,877,1,907,5.3988,0.164
815,0,0,877,1,872,5.1905,0.158
816,0,0,877,1,952,5.6667,0.173
817,0,0,877,1,912,5.4286,0.170
818,0,0,877,1,920,5.4762,0.175
819,0,0,877,1,864,5.1429,0.169
820,0,0,877,1,893,5.3155,0.163
821,0,0,877,1,949,5.6488,0.170
822,0,0,877,1,882,5.2500,0.153
823,0,0,877,1,913,5.4345,0.167
824,0,0,877,1,945,5.6250,0.169
825,0,0,877,1,939,5.5893,0.187
826,0,0,877,1,915,5.4464,0.169
827,0,0,877,1,853,5.0774,0.143
828,0,0,877,1,901,5.3631,0.157
829,0,0,877,1,908,5.4048,0.166
830,0,0,877,1,926,5.5119,0.162
831,0,0,877,1,917,5.4583,0.164
832,0,0,877,1,946,5.6310,0.167
833,0,0,877,1,825,4.9107,0.143
834,1,1,878,2,911,5.4226,0.290
835,0,0,878,1,892,5.3095,0.161
836,0,0,878,1,904,5.3810,0.159
837,0,0,878,1,904,5.3810,0.165
838,0,0,878,1,930,5.5357,0.165
839,0,0,878,1,899,5.3512,0.157
840,0,0,878,1,929,5.5298,0.164
841,0,0,878,1,964,5.7381,0.187
842,0,0,878,1,913,5.4345,0.156
843,0,0,878,1,946,5.6310,0.177
844,0,0,878,1,903,5.3750,0.159
845,0,0,878,1,925,5.5060,0.171
846,0,0,878,1,912,5.4286,0.169
847,0,0,878,1,998,5.9405,0.205
848,0,0,878,1,962,5.7262,0.185
849,0,0,878,1,928,5.5238,0.177
850,0,0,878,1,923,5.4940,0.157
851,0,0,878,1,930,5.5357,0.169
852,0,0,878,1,923,5.4940,0.162
853,0,0,878,1,933,5.5536,0.165
854,0,0,878,1,949,5.6488,0.173
855,0,0,878,1,960,5.7143,0.177
856,0,0,878,1,852,5.0714,0.151
857,0,0,878,1,909,5.4107,0.167
858,0,0,878,1,913,5.4345,0.159
859,0,0,878,1,924,5.5000,0.174
860,0,0,878,1,928,5.5238,0.162
861,0,0,878,1,941,5.6012,0.171
862,0,0,878,1,908,5.4048,0.167
863,0,0,878,1,909,5.4107,0.168
864,0,0,878,1,882,5.2500,0.155
865,0,0,878,1,955,5.6845,0.177
866,0,0,878,1,909,5.4107,0.163
867,0,0,878,1,938,5.5833,0.167
868,0,0,878,1,950,5.6548,0.185
869,0,0,878,1,957,5.6964,0.166
870,0,0,878,1,943,5.6131,0.173
871,0,0,878,1,922,5.4881,0.162
872,0,0,878,1,954,5.6786,0.176
873,0,0,878,1,922,5.4881,0.163
874,0,0,878,1,937,5.5774,0.170
875,0,0,878,1,932,5.5476,0.182
876,0,0,878,1,897,5.3393,0.161
877,0,0,878,1,889,5.2917,0.158
878,0,0,878,1,890,5.2976,0.155
879,0,0,878,1,908,5.4048,0.161
880,0,0,878,1,925,5.5060,0.171
881,0,0,878,1,946,5.6310,0.172
882,0,0,878,1,913,5.4345,0.168
883,0,0,878,1,919,5.4702,0.162
884,0,0,878,1,901,5.3631,0.158
885,0,0,878,1,940,5.5952,0.169
886,0,0,878,1,954,5.6786,0.174
887,0,0,878,1,895,5.3274,0.154
888,0,0,878,1,896,5.3333,0.165
889,0,0,878,1,905,5.3869,0.154
890,0,0,878,1,899,5.3512,0.158
891,0,0,878,1,957,5.6964,0.182
892,0,0,878,1,987,5.8750,0.197
893,0,0,878,1,927,5.5179,0.168
894,0,0,878,1,904,5.3810,0.160
895,0,0,878,1,949,5.6488,0.174
896,0,0,878,1,898,5.3452,0.156
897,0,0,878,1,915,5.4464,0.167
898,0,0,878,1,880,5.2381,0.150
899,0,0,878,1,889,5.2917,0.151
900,0,0,878,1,946,5.6310,0.175
901,0,0,878,1,941,5.6012,0.170
902,0,0,878,1,935,5.5655,0.169
903,0,0,878,1,898,5.3452,0.165
904,0,0,878,1,913,5.4345,0.164
905,0,0,878,1,934,5.5595,0.176
906,1,25,903,26,913,5.4345,1.035
907,0,0,903,1,900,5.3571,0.158
908,0,0,903,1,904,5.3810,0.157
909,0,0,903,1,892,5.3095,0.161
910,0,0,903,1,946,5.6310,0.169
911,0,0,903,1,917,5.4583,0.163
912,0,0,903,1,956,5.6905,0.178
913,0,0,903,1,909,5.4107,0.165
914,0,0,903,1,915,5.4464,0.164
915,0,0,903,1,946,5.6310,0.176
916,0,0,903,1,928,5.5238,0.189
917,0,0,903,1,966,5.7500,0.175
918,0,0,903,1,919,5.4702,0.163
919,0,0,903,1,924,5.5000,0.166
920,0,0,903,1,917,5.4583,0.165
921,0,0,903,1,915,5.4464,0.164
922,0,0,903,1,892,5.3095,0.154
923,0,0,903,1,902,5.3690,0.165
924,0,0,903,1,876,5.2143,0.148
925,0,0,903,1,945,5.6250,0.168
926,0,0,903,1,952,5.6667,0.168
927,0,0,903,1,951,5.6607,0.173
928,0,0,903,1,985,5.8631,0.188
929,0,0,903,1,973,5.7917,0.188
930,0,0,903,1,919,5.4702,0.160
931,0,0,903,1,891,5.3036,0.163
932,0,0,903,1,954,5.6786,0.177
933,0,0,903,1,955,5.6845,0.178
934,0,0,903,1,864,5.1429,0.149
935,0,0,903,1,915,5.4464,0.166
936,0,0,903,1,977,5.8155,0.172
937,0,0,903,1,868,5.1667,0.157
938,0,0,903,1,901,5.3631,0.154
939,0,0,903,1,920,5.4762,0.165
940,0,0,903,1,882,5.2500,0.151
941,0,0,903,1,928,5.5238,0.166
942,0,0,903,1,919,5.4702,0.165
943,0,0,903,1,932,5.5476,0.165
944,0,0,903,1,914,5.4405,0.162
945,0,0,903,1,864,5.1429,0.150
946,0,0,903,1,897,5.3393,0.162
947,0,0,903,1,961,5.7202,0.173
948,0,0,903,1,965,5.7440,0.176
949,0,0,903,1,926,5.5119,0.166
950,0,0,903,1,929,5.5298,0.162
951,0,0,903,1,905,5.3869,0.163
952,0,0,903,1,864,5.1429,0.150
953,0,0,903,1,955,5.6845,0.171
954,0,0,903,1,952,5.6667,0.172
955,0,0,903,1,905,5.3869,0.158
956,1,1,904,2,936,5.5714,0.307
957,0,0,904,1,943,5.6131,0.178
958,0,0,904,1,941,5.6012,0.174
959,0,0,904,1,909,5.4107,0.166
960,0,0,904,1,917,5.4583,0.168
961,0,0,904,1,918,5.4643,0.178
962,0,0,904,1,955,5.6845,0.173
963,0,0,904,1,866,5.1548,0.187
964,1,4,908,5,918,5.4643,0.235
965,0,0,908,1,926,5.5119,0.180
966,0,0,908,1,900,5.3571,0.156
967,0,0,908,1,872,5.1905,0.154
968,0,0,908,1,913,5.4345,0.167
969,0,0,908,1,939,5.5893,0.169
970,0,0,908,1,939,5.5893,0.178
971,0,0,908,1,924,5.5000,0.163
972,1,3,911,4,936,5.5714,0.412
973,0,0,911,1,921,5.4821,0.176
974,0,0,911,1,883,5.2560,0.159
975,0,0,911,1,907,5.3988,0.164
976,0,0,911,1,972,5.7857,0.179
977,0,0,911,1,901,5.3631,0.159
978,0,0,911,1,911,5.4226,0.161
979,0,0,911,1,926,5.5119,0.172
980,0,0,911,1,904,5.3810,0.160
981,0,0,911,1,927,5.5179,0.186
982,0,0,911,1,913,5.4345,0.156
983,0,0,911,1,929,5.5298,0.168
984,0,0,911,1,907,5.3988,0.165
985,0,0,911,1,850,5.0595,0.144
986,0,0,911,1,915,5.4464,0.165
987,0,0,911,1,983,5.8512,0.183
988,0,0,911,1,981,5.8393,0.182
989,0,0,911,1,930,5.5357,0.169
990,0,0,911,1,915,5.4464,0.162
991,0,0,911,1,887,5.2798,0.163
992,0,0,911,1,872,5.1905,0.149
993,0,0,911,1,926,5.5119,0.172
994,0,0,911,1,880,5.2381,0.153
995,0,0,911,1,899,5.3512,0.163
996,0,0,911,1,883,5.2560,0.160
997,0,0,911,1,927,5.5179,0.170
998,1,4,915,5,953,5.6726,0.349
999,0,0,915,1,886,5.2738,0.154
1000,0,0,915,1,954,5.6786,0.178
1001,0,0,915,1,974,5.7976,0.188
1002,0,0,915,1,908,5.4048,0.165
1003,0,0,915,1,920,5.4762,0.165
1004,0,0,915,1,922,5.4881,0.167
1005,0,0,915,1,915,5.4464,0.163
1006,0,0,915,1,927,5.5179,0.167
1007,0,0,915,1,929,5.5298,0.174
1008,0,0,915,1,905,5.3869,0.165
1009,0,0,915,1,972,5.7857,0.177
1010,0,0,915,1,920,5.4762,0.171
1011,0,0,915,1,947,5.6369,0.174
1012,0,0,915,1,894,5.3214,0.155
1013,0,0,915,1,937,5.5774,0.169
1014,0,0,915,1,912,5.4286,0.161
1015,0,0,915,1,906,5.3929,0.155
1016,0,0,915,1,981,5.8393,0.180
1017,0,0,915,1,929,5.5298,0.166
1018,0,0,915,1,949,5.6488,0.185
1019,0,0,915,1,881,5.2440,0.156
1020,0,0,915,1,847,5.0417,0.144
1021,0,0,915,1,932,5.5476,0.171
1022,0,0,915,1,877,5.2202,0.152
1023,0,0,915,1,918,5.4643,0.159
1024,0,0,915,1,896,5.3333,0.205
1025,0,0,915,1,915,5.4464,0.172
1026,0,0,915,1,904,5.3810,0.165
1027,0,0,915,1,918,5.4643,0.169
1028,0,0,915,1,870,5.1786,0.159
1029,0,0,915,1,911,5.4226,0.182
1030,0,0,915,1,930,5.5357,0.170
1031,0,0,915,1,965,5.7440,0.183
1032,0,0,915,1,948,5.6429,0.169
1033,0,0,915,1,905,5.3869,0.163
1034,0,0,915,1,868,5.1667,0.156
1035,0,0,915,1,906,5.3929,0.161
1036,0,0,915,1,942,5.6071,0.174
1037,0,0,915,1,918,5.4643,0.175
1038,0,0,915,1,889,5.2917,0.161
1039,0,0,915,1,901,5.3631,0.161
1040,0,0,915,1,897,5.3393,0.163
1041,0,0,915,1,915,5.4464,0.166
1042,0,0,915,1,914,5.4405,0.167
1043,0,0,915,1,886,5.2738,0.160
1044,0,0,915,1,936,5.5714,0.175
1045,0,0,915,1,853,5.0774,0.156
1046,0,0,915,1,938,5.5833,0.169
1047,0,0,915,1,902,5.3690,0.165
1048,0,0,915,1,892,5.3095,0.155
1049,0,0,915,1,932,5.5476,0.164
1050,0,0,915,1,946,5.6310,0.172
1051,0,0,915,1,910,5.4167,0.163
1052,0,0,915,1,930,5.5357,0.163
1053,0,0,915,1,969,5.7679,0.201
1054,0,0,915,1,885,5.2679,0.158
1055,0,0,915,1,884,5.2619,0.152
1056,0,0,915,1,940,5.5952,0.176
1057,0,0,915,1,935,5.5655,0.182
1058,0,0,915,1,933,5.5536,0.175
1059,0,0,915,1,946,5.6310,0.172
1060,0,0,915,1,932,5.5476,0.168
1061,0,0,915,1,945,5.6250,0.175
1062,0,0,915,1,914,5.4405,0.164
1063,0,0,915,1,960,5.7143,0.177
1064,0,0,915,1,920,5.4762,0.162
1065,0,0,915,1,990,5.8929,0.194
1066,0,0,915,1,923,5.4940,0.167
1067,0,0,915,1,933,5.5536,0.168
1068,0,0,915,1,908,5.4048,0.168
1069,0,0,915,1,934,5.5595,0.171
1070,0,0,915,1,1007,5.9940,0.191
1071,0,0,915,1,931,5.5417,0.170
1072,0,0,915,1,909,5.4107,0.162
1073,0,0,915,1,897,5.3393,0.167
1074,0,0,915,1,895,5.3274,0.159
1075,0,0,915,1,943,5.6131,0.179
1076,0,0,915,1,880,5.2381,0.165
1077,0,0,915,1,921,5.4821,0.198
1078,0,0,915,1,907,5.3988,0.177
1079,0,0,915,1,911,5.4226,0.165
1080,0,0,915,1,922,5.4881,0.169
1081,0,0,915,1,911,5.4226,0.164
1082,0,0,915,1,959,5.7083,0.182
1083,0,0,915,1,957,5.6964,0.179
1084,0,0,915,1,905,5.3869,0.170
1085,0,0,915,1,942,5.6071,0.172
1086,0,0,915,1,916,5.4524,0.160
1087,0,0,915,1,903,5.3750,0.159
1088,0,0,915,1,882,5.2500,0.157
1089,1,1,916,2,936,5.5714,0.279
1090,0,0,916,1,905,5.3869,0.164
1091,0,0,916,1,929,5.5298,0.161
1092,0,0,916,1,952,5.6667,0.178
1093,0,0,916,1,956,5.6905,0.184
1094,0,0,916,1,920,5.4762,0.170
1095,0,0,916,1,905,5.3869,0.165
1096,0,0,916,1,977,5.8155,0.189
1097,0,0,916,1,897,5.3393,0.163
1098,0,0,916,1,947,5.6369,0.179
1099,0,0,916,1,879,5.2321,0.157
1100,0,0,916,1,884,5.2619,0.157
1101,0,0,916,1,943,5.6131,0.184
1102,0,0,916,1,886,5.2738,0.160
1103,0,0,916,1,926,5.5119,0.163
1104,0,0,916,1,901,5.3631,0.162
1105,0,0,916,1,921,5.4821,0.171
1106,0,0,916,1,862,5.1310,0.159
1107,0,0,916,1,941,5.6012,0.174
1108,0,0,916,1,949,5.6488,0.173
1109,0,0,916,1,915,5.4464,0.162
1110,0,0,916,1,945,5.6250,0.182
1111,0,0,916,1,934,5.5595,0.163
1112,0,0,916,1,962,5.7262,0.183
1113,0,0,916,1,947,5.6369,0.186
1114,0,0,916,1,932,5.5476,0.178
1115,0,0,916,1,932,5.5476,0.173
1116,0,0,916,1,924,5.5000,0.174
1117,0,0,916,1,921,5.4821,0.183
1118,0,0,916,1,969,5.7679,0.185
1119,0,0,916,1,932,5.5476,0.173
1120,0,0,916,1,1003,5.9702,0.189
1121,0,0,916,1,858,5.1071,0.148
1122,0,0,916,1,965,5.7440,0.175
1123,0,0,916,1,908,5.4048,0.158
1124,0,0,916,1,947,5.6369,0.176
1125,0,0,916,1,925,5.5060,0.168
1126,0,0,916,1,876,5.2143,0.146
1127,0,0,916,1,904,5.3810,0.170
1128,0,0,916,1,887,5.2798,0.155
1129,0,0,916,1,875,5.2083,0.151
1130,0,0,916,1,943,5.6131,0.174
1131,0,0,916,1,885,5.2679,0.157
1132,0,0,916,1,899,5.3512,0.164
1133,0,0,916,1,963,5.7321,0.181
1134,0,0,916,1,926,5.5119,0.175
1135,0,0,916,1,960,5.7143,0.174
1136,0,0,916,1,988,5.8810,0.185
1137,0,0,916,1,905,5.3869,0.162
1138,0,0,916,1,906,5.3929,0.164
1139,0,0,916,1,873,5.1964,0.156
1140,0,0,916,1,879,5.2321,0.156
1141,0,0,916,1,940,5.5952,0.174
1142,0,0,916,1,921,5.4821,0.166
1143,0,0,916,1,966,5.7500,0.183
1144,0,0,916,1,881,5.2440,0.152
1145,0,0,916,1,955,5.6845,0.188
1146,0,0,916,1,925,5.5060,0.168
1147,0,0,916,1,947,5.6369,0.194
1148,0,0,916,1,933,5.5536,0.171
1149,1,29,945,30,933,5.5536,0.621
1150,1,107,1052,108,891,5.3036,5.408
1151,0,0,1052,1,909,5.4107,0.170
1152,0,0,1052,1,907,5.3988,0.162
1153,0,0,1052,1,900,5.3571,0.164
1154,0,0,1052,1,914,5.4405,0.175
1155,0,0,1052,1,901,5.3631,0.163
1156,0,0,1052,1,922,5.4881,0.187
1157,0,0,1052,1,899,5.3512,0.162
1158,0,0,1052,1,958,5.7024,0.185
1159,0,0,1052,1,923,5.4940,0.172
1160,1,2,1054,3,883,5.2560,0.229
1161,0,0,1054,1,941,5.6012,0.176
1162,0,0,1054,1,921,5.4821,0.171
1163,0,0,1054,1,862,5.1310,0.156
1164,0,0,1054,1,944,5.6190,0.178
1165,0,0,1054,1,941,5.6012,0.180
1166,0,0,1054,1,890,5.2976,0.165
1167,0,0,1054,1,930,5.5357,0.173
1168,0,0,1054,1,935,5.5655,0.185
1169,0,0,1054,1,897,5.3393,0.182
1170,0,0,1054,1,943,5.6131,0.172
1171,0,0,1054,1,923,5.4940,0.171
1172,0,0,1054,1,945,5.6250,0.178
1173,0,0,1054,1,921,5.4821,0.167
1174,0,0,1054,1,939,5.5893,0.188
1175,0,0,1054,1,901,5.3631,0.157
1176,0,0,1054,1,885,5.2679,0.163
1177,0,0,1054,1,921,5.4821,0.168
1178,0,0,1054,1,944,5.6190,0.177
1179,0,0,1054,1,974,5.7976,0.189
1180,0,0,1054,1,937,5.5774,0.170
1181,0,0,1054,1,924,5.5000,0.172
1182,0,0,1054,1,893,5.3155,0.161
1183,0,0,1054,1,943,5.6131,0.185
1184,0,0,1054,1,946,5.6310,0.177
1185,0,0,1054,1,906,5.3929,0.178
1186,0,0,1054,1,940,5.5952,0.179
1187,0,0,1054,1,942,5.6071,0.178
1188,0,0,1054,1,920,5.4762,0.170
1189,0,0,1054,1,935,5.5655,0.173
1190,0,0,1054,1,914,5.4405,0.171
1191,0,0,1054,1,966,5.7500,0.195
1192,0,0,1054,1,887,5.2798,0.156
1193,0,0,1054,1,901,5.3631,0.175
1194,0,0,1054,1,929,5.5298,0.180
1195,0,0,1054,1,937,5.5774,0.176
1196,0,0,1054,1,946,5.6310,0.174
1197,0,0,1054,1,926,5.5119,0.176
1198,0,0,1054,1,937,5.5774,0.181
1199,0,0,1054,1,931,5.5417,0.177
1200,0,0,1054,1,923,5.4940,0.176
1201,0,0,1054,1,962,5.7262,0.197
1202,0,0,1054,1,921,5.4821,0.175
1203,0,0,1054,1,890,5.2976,0.163
1204,0,0,1054,1,951,5.6607,0.177
1205,0,0,1054,1,947,5.6369,0.191
1206,0,0,1054,1,927,5.5179,0.172
1207,0,0,1054,1,921,5.4821,0.169
1208,0,0,1054,1,914,5.4405,0.165
1209,0,0,1054,1,908,5.4048,0.172
1210,0,0,1054,1,944,5.6190,0.182
1211,0,0,1054,1,935,5.5655,0.179
1212,0,0,1054,1,959,5.7083,0.187
1213,0,0,1054,1,926,5.5119,0.174
1214,0,0,1054,1,902,5.3690,0.168
1215,0,0,1054,1,862,5.1310,0.152
1216,0,0,1054,1,941,5.6012,0.177
1217,0,0,1054,1,921,5.4821,0.173
1218,0,0,1054,1,974,5.7976,0.186
1219,0,0,1054,1,970,5.7738,0.191
1220,0,0,1054,1,937,5.5774,0.181
1221,0,0,1054,1,950,5.6548,0.183
1222,0,0,1054,1,952,5.6667,0.178
1223,0,0,1054,1,909,5.4107,0.175
1224,0,0,1054,1,914,5.4405,0.167
1225,0,0,1054,1,918,5.4643,0.171
1226,0,0,1054,1,900,5.3571,0.165
1227,0,0,1054,1,933,5.5536,0.174
1228,0,0,1054,1,917,5.4583,0.180
1229,0,0,1054,1,868,5.1667,0.151
1230,0,0,1054,1,980,5.8333,0.195
1231,0,0,1054,1,910,5.4167,0.164
1232,0,0,1054,1,925,5.5060,0.179
1233,0,0,1054,1,932,5.5476,0.179
1234,0,0,1054,1,904,5.3810,0.165
1235,0,0,1054,1,904,5.3810,0.182
1236,0,0,1054,1,880,5.2381,0.157
1237,0,0,1054,1,916,5.4524,0.175
1238,0,0,1054,1,983,5.8512,0.193
1239,0,0,1054,1,935,5.5655,0.177
1240,0,0,1054,1,931,5.5417,0.174
1241,0,0,1054,1,882,5.2500,0.164
1242,0,0,1054,1,921,5.4821,0.174
1243,0,0,1054,1,883,5.2560,0.165
1244,0,0,1054,1,908,5.4048,0.169
1245,0,0,1054,1,927,5.5179,0.168
1246,0,0,1054,1,935,5.5655,0.174
1247,0,0,1054,1,935,5.5655,0.186
1248,0,0,1054,1,953,5.6726,0.184
1249,0,0,1054,1,949,5.6488,0.175
1250,0,0,1054,1,876,5.2143,0.164
1251,0,0,1054,1,917,5.4583,0.174
1252,0,0,1054,1,948,5.6429,0.174
1253,0,0,1054,1,940,5.5952,0.176
1254,0,0,1054,1,945,5.6250,0.186
1255,0,0,1054,1,892,5.3095,0.163
1256,0,0,1054,1,937,5.5774,0.179
1257,0,0,1054,1,932,5.5476,0.188
1258,0,0,1054,1,908,5.4048,0.174
1259,0,0,1054,1,930,5.5357,0.180
1260,0,0,1054,1,925,5.5060,0.167
