N,rate,n_seeds,mean_throughput_learned,std_throughput_learned,mean_throughput_pl,std_throughput_pl,mean_wait_learned,std_wait_learned,mean_wait_pl,std_wait_pl,mean_spawn_learned,std_spawn_learned,mean_spawn_pl,std_spawn_pl,mean_cpu_learned,mean_cpu_pl,pl_deadlock_count,learned_deadlock_count
2,1.00,100,1.9958,0.1084,1.9958,0.1083,0.028866,0.004942,0.026381,0.003949,0.007918,0.002105,0.008464,0.002393,0.017,0.017,0,0
2,1.25,100,2.4875,0.1179,2.4875,0.1178,0.040608,0.006511,0.035832,0.004345,0.012795,0.003652,0.013760,0.004103,0.022,0.022,0,0
2,1.50,100,2.9838,0.1243,2.9834,0.1238,0.056365,0.007671,0.047219,0.004865,0.019993,0.006290,0.021744,0.006066,0.026,0.026,0,0
2,1.75,100,3.4815,0.1283,3.4815,0.1285,0.076565,0.009611,0.060737,0.005553,0.031539,0.008522,0.033601,0.008130,0.032,0.031,0,0
2,2.00,100,3.9746,0.1386,3.9746,0.1384,0.103550,0.011650,0.076911,0.006437,0.048208,0.011877,0.050880,0.012052,0.036,0.036,0,0
2,2.25,100,4.4818,0.1500,4.4824,0.1501,0.140507,0.016843,0.095805,0.008063,0.080962,0.023752,0.083328,0.020059,0.041,0.041,0,0
2,2.50,100,4.9742,0.1662,4.9750,0.1686,0.192222,0.026499,0.118465,0.011069,0.157473,0.067408,0.139814,0.047079,0.046,0.046,0,0
2,2.75,100,5.4792,0.1691,5.4803,0.1725,0.273738,0.040934,0.148394,0.014249,0.379832,0.218607,0.259153,0.099708,0.053,0.051,0,0
2,3.00,100,5.9344,0.1403,5.9700,0.1697,0.396235,0.061119,0.187055,0.019722,1.389602,1.014862,0.620828,0.351310,0.058,0.056,0,0
5,1.00,100,1.9968,0.1087,1.9969,0.1087,0.031683,0.004809,0.029058,0.003669,0.007598,0.002225,0.008009,0.002261,0.026,0.028,0,0
5,1.25,100,2.4875,0.1181,2.4876,0.1182,0.044177,0.005958,0.039218,0.004017,0.011673,0.002791,0.012651,0.003323,0.033,0.034,0,0
5,1.50,100,2.9828,0.1241,2.9832,0.1238,0.061147,0.007506,0.051701,0.004971,0.017827,0.004058,0.019385,0.004778,0.041,0.041,0,0
5,1.75,100,3.4815,0.1285,3.4813,0.1284,0.083023,0.009683,0.065628,0.005420,0.026292,0.006121,0.028648,0.006318,0.048,0.048,0,0
5,2.00,100,3.9762,0.1387,3.9751,0.1381,0.110042,0.011640,0.081626,0.006277,0.039314,0.009277,0.041722,0.008896,0.056,0.056,0,0
5,2.25,100,4.4814,0.1497,4.4809,0.1510,0.150782,0.017780,0.101302,0.007629,0.062679,0.016270,0.064448,0.014295,0.066,0.065,0,0
5,2.50,100,4.9736,0.1670,4.9755,0.1692,0.207220,0.032702,0.125281,0.010762,0.106707,0.038666,0.100185,0.028291,0.075,0.073,0,0
5,2.75,100,5.4817,0.1745,5.4804,0.1725,0.299583,0.054252,0.154317,0.013877,0.216635,0.103420,0.171604,0.053714,0.086,0.082,0,0
5,3.00,100,5.9648,0.1674,5.9735,0.1750,0.464692,0.101672,0.192711,0.018599,0.600185,0.420876,0.330026,0.134216,0.097,0.091,0,0
10,1.00,100,1.9982,0.1090,1.9982,0.1090,0.041615,0.005179,0.038333,0.004252,0.008181,0.002609,0.008553,0.002668,0.041,0.042,0,0
10,1.25,100,2.4876,0.1183,2.4877,0.1184,0.058350,0.006337,0.052066,0.004521,0.012767,0.003287,0.013518,0.003698,0.052,0.053,0,0
10,1.50,100,2.9825,0.1238,2.9821,0.1237,0.079926,0.008513,0.068526,0.006111,0.019821,0.005819,0.020749,0.004997,0.066,0.066,0,0
10,1.75,100,3.4808,0.1293,3.4809,0.1299,0.108792,0.010898,0.088295,0.007436,0.029357,0.008045,0.030645,0.005946,0.086,0.085,0,0
10,2.00,100,3.9758,0.1392,3.9760,0.1389,0.145510,0.014282,0.112114,0.009333,0.046139,0.011898,0.046837,0.010518,0.099,0.102,0,0
10,2.25,100,4.4814,0.1494,4.4793,0.1507,0.201085,0.025751,0.142867,0.012713,0.075445,0.021058,0.073091,0.017562,0.118,0.118,0,0
10,2.50,100,4.9742,0.1653,4.9743,0.1665,0.287906,0.047458,0.182190,0.020245,0.131088,0.042812,0.121453,0.036155,0.140,0.132,0,0
10,2.75,100,5.4787,0.1689,5.4810,0.1724,0.457308,0.119949,0.244870,0.035887,0.281439,0.136103,0.233041,0.099986,0.176,0.139,0,0
10,3.00,100,5.9233,0.1379,5.9660,0.1673,0.869705,0.308791,0.347006,0.062049,1.138441,0.983583,0.605618,0.372415,0.281,0.158,0,0
15,1.00,100,1.9983,0.1095,1.9983,0.1095,0.048946,0.005763,0.045237,0.004896,0.007855,0.002021,0.008444,0.002181,0.057,0.059,0,0
15,1.25,100,2.4871,0.1194,2.4870,0.1195,0.068467,0.007326,0.061729,0.005335,0.012462,0.003583,0.013364,0.003480,0.077,0.080,0,0
15,1.50,100,2.9823,0.1239,2.9823,0.1240,0.094223,0.009712,0.081337,0.006508,0.018636,0.005094,0.020268,0.004884,0.097,0.099,0,0
15,1.75,100,3.4812,0.1306,3.4802,0.1309,0.125912,0.011503,0.103671,0.007697,0.029289,0.008270,0.030311,0.006657,0.116,0.113,0,0
15,2.00,100,3.9762,0.1397,3.9756,0.1401,0.170149,0.018953,0.131477,0.009254,0.044393,0.012348,0.045699,0.010429,0.135,0.136,0,0
15,2.25,100,4.4796,0.1522,4.4810,0.1512,0.230921,0.029134,0.166245,0.013306,0.071566,0.019263,0.071260,0.017398,0.168,0.163,0,0
15,2.50,100,4.9734,0.1642,4.9735,0.1670,0.322676,0.051866,0.211137,0.020653,0.122793,0.043121,0.114726,0.032967,0.303,0.174,0,0
15,2.75,100,5.4234,0.5743,5.4796,0.1724,0.487699,0.123466,0.271341,0.033856,0.254284,0.114736,0.203719,0.075826,0.641,0.195,0,1
15,3.00,100,5.9390,0.1529,5.9671,0.1709,0.905561,0.322948,0.379678,0.068969,0.809885,0.606186,0.461847,0.235910,6.048,0.228,0,6
20,1.00,100,1.9986,0.1088,1.9985,0.1088,0.053895,0.005680,0.050454,0.004448,0.007191,0.001887,0.007671,0.002000,0.074,0.076,0,0
20,1.25,100,2.4869,0.1195,2.4867,0.1195,0.076309,0.007492,0.068830,0.005748,0.010860,0.002901,0.011717,0.003334,0.096,0.097,0,0
20,1.50,100,2.9821,0.1249,2.9823,0.1244,0.104513,0.010947,0.091081,0.007628,0.016521,0.005001,0.017571,0.005101,0.124,0.128,0,0
20,1.75,100,3.4807,0.1301,3.4800,0.1296,0.140806,0.013619,0.116426,0.008205,0.023460,0.005511,0.025848,0.005573,0.143,0.145,0,0
20,2.00,100,3.9765,0.1422,3.9756,0.1414,0.188960,0.019442,0.147055,0.010586,0.033856,0.007554,0.038246,0.007296,0.180,0.179,0,0
20,2.25,100,4.4804,0.1511,4.4802,0.1512,0.259786,0.031748,0.184952,0.015316,0.051441,0.011392,0.057244,0.012665,0.201,0.199,0,0
20,2.50,100,4.9741,0.1661,4.9738,0.1662,0.363666,0.060293,0.229978,0.019733,0.084621,0.025887,0.086840,0.021624,1.196,0.224,0,0
20,2.75,100,5.4180,0.5738,5.4805,0.1718,0.548005,0.135950,0.289035,0.027516,0.170134,0.078763,0.148786,0.044814,5.330,0.272,0,2
20,3.00,100,5.8201,0.8507,5.9714,0.1743,0.962686,0.351428,0.373943,0.041680,0.501233,0.414173,0.277492,0.113222,5.966,0.304,0,6
