id,ready_time,completion_time,start_loc,job_id,job_list,wait_for_job,total_time,total_dwell_time,total_travel_time,total_wait_time,total_accel_time,total_coast_time,total_decel_time,total_distance,avg_speed
1,0.538608,1.305627,Gowrie_entry,1,(Wyreema_exit|0.000000),0.000000,0.767019,0.000000,0.767019,0.000000,0.277778,0.350353,0.138889,45.641712,59.505291
0,0.171386,1.614562,Gowrie_entry,0,(exit_to_Brisbane|0.000000),0.000000,1.443176,0.000000,1.443176,0.000000,0.333333,0.943176,0.166667,71.147676,49.299376
3,1.010286,1.787374,Wyreema_entry,3,(Gowrie_exit|0.000000),0.000000,0.777088,0.000000,0.777088,0.000000,0.314048,0.306016,0.157024,45.641712,58.734282
2,0.784982,2.234562,Gowrie_entry,2,(exit_to_Brisbane|0.000000),0.000000,1.449580,0.000000,1.449580,0.006404,0.333333,0.943176,0.166667,71.147676,49.081596
4,2.754395,3.521414,Gowrie_entry,4,(Wyreema_exit|0.000000),0.000000,0.767019,0.000000,0.767019,0.000000,0.277778,0.350353,0.138889,45.641712,59.505291
6,3.506033,4.273052,Gowrie_entry,6,(Wyreema_exit|0.000000),0.000000,0.767019,0.000000,0.767019,0.000000,0.277778,0.350353,0.138889,45.641712,59.505291
5,3.370597,4.751016,entry_from_Brisbane,5,(Wyreema_exit|0.000000),0.000000,1.380418,0.000000,1.380418,0.000000,0.333333,0.880418,0.166667,65.086971,47.150174
10,4.678040,5.557919,Gowrie_entry,10,(Wyreema_exit|0.000000),0.000000,0.879879,0.000000,0.879879,0.112860,0.277778,0.350353,0.138889,45.641712,51.872700
7,4.212102,5.757269,Gowrie_entry,7,(exit_to_Brisbane|0.000000),0.000000,1.545167,0.000000,1.545167,0.013299,0.444444,0.865201,0.222222,71.197676,46.077663
11,4.755933,5.789542,Wyreema_entry,11,(Gowrie_exit|0.000000),0.000000,1.033608,0.000000,1.033608,0.117182,0.444444,0.249760,0.222222,45.691712,44.206017
8,4.299959,5.846615,entry_from_Brisbane,8,(Wyreema_exit|0.000000),0.000000,1.546656,0.000000,1.546656,0.001843,0.547504,0.723556,0.273752,65.166450,42.133781
9,4.538122,6.194259,Gowrie_entry,9,(exit_to_Brisbane|0.000000),0.000000,1.656137,0.000000,1.656137,0.064340,0.532147,0.793576,0.266073,71.212517,42.999182
12,5.255532,6.636761,entry_from_Brisbane,12,(Wyreema_exit|0.000000),0.000000,1.381229,0.000000,1.381229,0.000000,0.343550,0.865905,0.171775,65.086971,47.122497
14,5.900086,6.850529,Gowrie_entry,14,(Wyreema_exit|0.000000),0.000000,0.950442,0.000000,0.950442,0.026013,0.488174,0.230355,0.205901,45.691712,48.074160
13,5.882624,7.049412,Wyreema_entry,13,(Gowrie_exit|0.000000),0.000000,1.166788,0.000000,1.166788,0.250362,0.444444,0.249760,0.222222,45.691712,39.160254
15,7.340906,8.792679,Wyreema_entry,15,(exit_to_Brisbane|0.000000),0.000000,1.451773,0.000000,1.451773,0.000000,0.333333,0.951773,0.166667,70.550722,48.596264
16,7.604330,9.144932,Gowrie_entry,16,(exit_to_Brisbane|0.000000),0.000000,1.540602,0.000000,1.540602,0.000000,0.435560,0.887262,0.217780,71.147676,46.181749
18,8.417441,9.184460,Gowrie_entry,18,(Wyreema_exit|0.000000),0.000000,0.767019,0.000000,0.767019,0.000000,0.277778,0.350353,0.138889,45.641712,59.505291
17,7.726072,9.505803,Gowrie_entry,17,(exit_to_Brisbane|0.000000),0.000000,1.779731,0.000000,1.779731,0.183673,0.500000,0.846058,0.250000,71.212517,40.013074
21,8.896289,9.667216,Wyreema_entry,21,(Gowrie_exit|0.000000),0.000000,0.770927,0.000000,0.770927,0.000000,0.299707,0.321366,0.149854,45.641712,59.203670
19,8.638731,10.229847,Gowrie_entry,19,(exit_to_Brisbane|0.000000),0.000000,1.591116,0.000000,1.591116,0.031487,0.506039,0.800570,0.253020,71.147676,44.715581
20,8.686393,10.387178,entry_from_Brisbane,20,(Gowrie_exit|0.000000),0.000000,1.700785,0.000000,1.700785,0.172708,0.539591,0.718691,0.269795,65.741781,38.653777
24,9.534084,10.552626,Wyreema_entry,24,(Gowrie_exit|0.000000),0.000000,1.018542,0.000000,1.018542,0.108900,0.449708,0.235080,0.224854,45.691712,44.859928
22,9.020697,10.827180,entry_from_Brisbane,22,(Wyreema_exit|0.000000),0.000000,1.806483,0.000000,1.806483,0.290457,0.506158,0.756790,0.253079,65.181292,36.081866
23,9.370058,11.160619,Wyreema_entry,23,(exit_to_Brisbane|0.000000),0.000000,1.790561,0.000000,1.790561,0.147096,0.571268,0.786818,0.285379,70.665564,39.465599
25,9.600667,11.509432,entry_from_Brisbane,25,(Wyreema_exit|0.000000),0.000000,1.908765,0.000000,1.908765,0.177849,0.722222,0.647583,0.361111,65.236971,34.177589
26,10.222703,12.052571,entry_from_Brisbane,26,(Wyreema_exit|0.000000),0.000000,1.829868,0.000000,1.829868,0.292649,0.500000,0.787218,0.250000,65.136971,35.596549
29,10.886038,12.628099,entry_from_Brisbane,29,(Wyreema_exit|0.000000),0.000000,1.742061,0.000000,1.742061,0.204843,0.500000,0.787218,0.250000,65.136971,37.390752
28,10.847420,12.844697,Gowrie_entry,28,(exit_to_Brisbane|0.000000),0.000000,1.997276,0.000000,1.997276,0.146628,0.856949,0.565226,0.428474,71.327155,35.712211
33,11.332291,13.145794,Wyreema_entry,33,(Gowrie_exit|0.000000),0.000000,1.813503,0.000000,1.813503,0.616091,0.737319,0.091434,0.368659,45.791712,25.250414
27,10.757888,13.233809,Wyreema_entry,27,(exit_to_Brisbane|0.000000),0.000000,2.475921,0.000000,2.475921,0.519145,0.951182,0.530259,0.475336,70.765564,28.581509
31,11.204090,13.338715,entry_from_Brisbane,31,(Gowrie_exit|0.000000),0.000000,2.134625,0.000000,2.134625,0.577783,0.582060,0.683752,0.291030,65.771260,30.811623
32,11.274881,13.622574,Gowrie_entry,32,(exit_to_Brisbane|0.000000),0.000000,2.347693,0.000000,2.347693,0.486666,0.820807,0.630071,0.410148,72.787676,31.003917
30,11.032996,13.983445,Wyreema_entry,30,(exit_to_Brisbane|0.000000),0.000000,2.950449,0.000000,2.950449,0.856741,1.087956,0.462029,0.543723,70.800722,23.996592
35,11.545388,13.994698,entry_from_Brisbane,35,(Wyreema_exit|0.000000),0.000000,2.449310,0.000000,2.449310,0.684724,0.780013,0.594567,0.390006,65.266450,26.646869
38,12.422702,14.265011,Gowrie_entry,38,(Wyreema_exit|0.000000),0.000000,1.842309,0.000000,1.842309,0.524821,0.819990,0.087503,0.409994,47.281712,25.664375
34,11.366084,14.373340,Gowrie_entry,34,(exit_to_Brisbane|0.000000),0.000000,3.007256,0.000000,3.007256,0.881597,1.086414,0.496294,0.542952,72.902517,24.242204
36,11.886685,14.535323,entry_from_Brisbane,36,(Wyreema_exit|0.000000),0.000000,2.648638,0.000000,2.648638,0.733465,0.936964,0.509727,0.468482,65.331292,24.665996
42,12.944632,14.804687,Wyreema_entry,42,(exit_to_Brisbane|0.000000),0.000000,1.860056,0.000000,1.860056,0.067051,0.801919,0.590127,0.400959,70.715564,38.017981
39,12.575091,14.805636,Gowrie_entry,39,(Wyreema_exit|0.000000),0.000000,2.230545,0.000000,2.230545,0.829969,0.900484,0.051074,0.449018,45.841712,20.551798
37,12.227983,14.909372,entry_from_Brisbane,37,(Gowrie_exit|0.000000),0.000000,2.681389,0.000000,2.681389,0.831139,0.945498,0.432002,0.472749,65.871260,24.566096
48,13.841976,15.075949,Gowrie_entry,48,(Wyreema_exit|0.000000),0.000000,1.233973,0.000000,1.233973,0.090516,0.655009,0.160944,0.327503,47.231712,38.276145
40,12.585532,15.109322,entry_from_Brisbane,40,(Gowrie_exit|0.000000),0.000000,2.523790,0.000000,2.523790,0.806594,0.793363,0.527151,0.396682,65.886102,26.106013
41,12.766682,15.236035,Gowrie_entry,41,(exit_to_Brisbane|0.000000),0.000000,2.469353,0.000000,2.469353,0.641220,0.775865,0.664335,0.387933,71.262517,28.858779
43,12.982693,15.631447,entry_from_Brisbane,43,(Wyreema_exit|0.000000),0.000000,2.648754,0.000000,2.648754,0.793221,0.903862,0.499740,0.451931,65.266450,24.640436
46,13.366955,15.896394,entry_from_Brisbane,46,(Gowrie_exit|0.000000),0.000000,2.529440,0.000000,2.529440,0.730007,0.835676,0.545919,0.417838,65.921260,26.061606
44,13.103700,15.973963,Wyreema_entry,44,(exit_to_Brisbane|0.000000),0.000000,2.870263,0.000000,2.870263,1.142693,0.715151,0.655099,0.357321,70.600722,24.597297
47,13.541389,16.228835,Wyreema_entry,47,(Gowrie_exit|0.000000),0.000000,2.687446,0.000000,2.687446,1.719013,0.576480,0.103712,0.288240,45.691712,17.001911
45,13.288612,16.382807,Wyreema_entry,45,(exit_to_Brisbane|0.000000),0.000000,3.094196,0.000000,3.094196,1.416293,0.622814,0.743681,0.311407,70.600722,22.817149
49,14.094561,16.430199,entry_from_Brisbane,49,(Wyreema_exit|0.000000),0.000000,2.335638,0.000000,2.335638,0.479067,0.891439,0.519413,0.445719,65.316450,27.965144
52,15.146462,16.702503,Wyreema_entry,52,(Gowrie_exit|0.000000),0.000000,1.556041,0.000000,1.556041,0.540781,0.571425,0.158122,0.285713,45.691712,29.364077
51,15.019914,16.895425,entry_from_Brisbane,51,(Gowrie_exit|0.000000),0.000000,1.875511,0.000000,1.875511,0.172906,0.745576,0.584240,0.372788,65.836102,35.103027
50,14.526743,16.973338,entry_from_Brisbane,50,(Wyreema_exit|0.000000),0.000000,2.446595,0.000000,2.446595,0.569115,0.881671,0.554973,0.440836,65.286971,26.684825
56,15.701961,17.076282,Wyreema_entry,56,(Gowrie_exit|0.000000),0.000000,1.374321,0.000000,1.374321,0.357195,0.603486,0.112292,0.301348,45.691712,33.246747
54,15.590279,17.326616,Gowrie_entry,54,(exit_to_Brisbane|0.000000),0.000000,1.736338,0.000000,1.736338,0.021096,0.675939,0.701332,0.337970,71.197676,41.004514
53,15.422209,17.548866,entry_from_Brisbane,53,(Wyreema_exit|0.000000),0.000000,2.126657,0.000000,2.126657,0.386430,0.740969,0.628773,0.370485,65.281292,30.696666
57,15.753446,17.819179,entry_from_Brisbane,57,(Wyreema_exit|0.000000),0.000000,2.065733,0.000000,2.065733,0.231089,0.816335,0.610141,0.408168,65.286971,31.604748
55,15.681481,18.089491,Gowrie_entry,55,(Wyreema_exit|0.000000),0.000000,2.408011,0.000000,2.408011,1.056984,0.880918,0.067836,0.402273,45.791712,19.016408
60,16.543262,18.491835,Gowrie_entry,60,(exit_to_Brisbane|0.000000),0.000000,1.948573,0.000000,1.948573,0.161976,0.713067,0.716996,0.356534,71.197676,36.538369
58,15.971645,18.510480,Wyreema_entry,58,(Gowrie_exit|0.000000),0.000000,2.538835,0.000000,2.538835,1.341423,0.737319,0.091434,0.368659,45.791712,18.036508
61,16.722858,18.632630,entry_from_Brisbane,61,(Wyreema_exit|0.000000),0.000000,1.909772,0.000000,1.909772,0.199687,0.709880,0.645265,0.354940,65.166450,34.122629
62,16.731742,18.848834,Gowrie_entry,62,(exit_to_Brisbane|0.000000),0.000000,2.117092,0.000000,2.117092,0.432771,0.638562,0.726732,0.319026,71.197676,33.629939
64,17.146795,19.209705,Gowrie_entry,64,(exit_to_Brisbane|0.000000),0.000000,2.062909,0.000000,2.062909,0.254548,0.703105,0.753704,0.351553,72.687676,35.235516
59,16.500713,19.625973,Wyreema_entry,59,(exit_to_Brisbane|0.000000),0.000000,3.125260,0.000000,3.125260,1.414147,0.632120,0.762933,0.316060,70.665564,22.611100
68,18.863132,19.627322,Wyreema_entry,68,(Gowrie_exit|0.000000),0.000000,0.764190,0.000000,0.764190,0.000000,0.277778,0.347524,0.138889,45.641712,59.725583
65,17.742364,20.043367,Gowrie_entry,65,(exit_to_Brisbane|0.000000),0.000000,2.301003,0.000000,2.301003,0.481194,0.760487,0.679079,0.380243,71.312517,30.991924
67,18.688057,20.375110,entry_from_Brisbane,67,(Wyreema_exit|0.000000),0.000000,1.687052,0.000000,1.687052,0.073227,0.598667,0.715824,0.299334,65.136971,38.609928
63,17.043852,20.474715,Wyreema_entry,63,(exit_to_Brisbane|0.000000),0.000000,3.430863,0.000000,3.430863,1.535208,0.854343,0.614141,0.427171,70.765564,20.626169
69,19.006110,20.640051,entry_from_Brisbane,69,(Gowrie_exit|0.000000),0.000000,1.633942,0.000000,1.633942,0.079270,0.539961,0.744730,0.269981,65.741781,40.235086
66,18.485078,20.778827,Gowrie_entry,66,(exit_to_Brisbane|0.000000),0.000000,2.293749,0.000000,2.293749,0.418622,0.844911,0.607760,0.422455,72.817155,31.745914
71,19.363659,21.160896,entry_from_Brisbane,71,(Wyreema_exit|0.000000),0.000000,1.797237,0.000000,1.797237,0.161907,0.617373,0.709271,0.308686,65.186971,36.270659
74,20.409352,21.173542,Wyreema_entry,74,(Gowrie_exit|0.000000),0.000000,0.764190,0.000000,0.764190,0.000000,0.277778,0.347524,0.138889,45.641712,59.725583
70,19.063241,21.200475,Wyreema_entry,70,(exit_to_Brisbane|0.000000),0.000000,2.137234,0.000000,2.137234,0.304161,0.809715,0.618756,0.404602,70.745043,33.101220
72,19.623565,21.617870,Wyreema_entry,72,(exit_to_Brisbane|0.000000),0.000000,1.994304,0.000000,1.994304,0.257279,0.666667,0.737025,0.333333,70.745043,35.473549
73,20.260197,21.631683,entry_from_Brisbane,73,(Gowrie_exit|0.000000),0.000000,1.371486,0.000000,1.371486,0.000000,0.344584,0.854610,0.172292,65.691781,47.898251
75,20.580612,22.422366,entry_from_Brisbane,75,(Wyreema_exit|0.000000),0.000000,1.841754,0.000000,1.841754,0.187971,0.651072,0.677175,0.325536,65.216450,35.409962
76,20.893140,22.580820,Wyreema_entry,76,(exit_to_Brisbane|0.000000),0.000000,1.687680,0.000000,1.687680,0.115330,0.505381,0.814278,0.252691,70.615564,41.841788
80,21.586979,22.673215,Gowrie_entry,80,(Wyreema_exit|0.000000),0.000000,1.086236,0.000000,1.086236,0.011525,0.620899,0.143363,0.310449,45.641712,42.018224
77,20.938161,23.075924,entry_from_Brisbane,77,(Gowrie_exit|0.000000),0.000000,2.137763,0.000000,2.137763,0.418137,0.758838,0.581369,0.379419,65.841781,30.799384
78,21.268682,23.309461,Gowrie_entry,78,(exit_to_Brisbane|0.000000),0.000000,2.040779,0.000000,2.040779,0.159546,0.895339,0.538225,0.447669,71.277155,34.926436
81,21.642905,23.550327,entry_from_Brisbane,81,(Wyreema_exit|0.000000),0.000000,1.907422,0.000000,1.907422,0.288678,0.611111,0.702077,0.305556,65.216450,34.190883
79,21.439217,23.703142,Wyreema_entry,79,(exit_to_Brisbane|0.000000),0.000000,2.263925,0.000000,2.263925,0.420460,0.809755,0.629088,0.404622,70.700722,31.229269
87,22.753038,23.841067,Wyreema_entry,87,(Gowrie_exit|0.000000),0.000000,1.088029,0.000000,1.088029,0.085167,0.534705,0.200803,0.267353,45.691712,41.994950
83,21.960957,24.080450,entry_from_Brisbane,83,(Wyreema_exit|0.000000),0.000000,2.119493,0.000000,2.119493,0.311749,0.830839,0.561486,0.415419,65.216450,30.769833
82,21.819785,24.119090,Gowrie_entry,82,(exit_to_Brisbane|0.000000),0.000000,2.299305,0.000000,2.299305,0.428167,0.877722,0.554810,0.438606,71.297676,31.008355
84,22.318506,24.350763,entry_from_Brisbane,84,(Wyreema_exit|0.000000),0.000000,2.032257,0.000000,2.032257,0.206590,0.810985,0.609189,0.405493,65.251813,32.108055
85,22.681501,24.605131,Gowrie_entry,85,(exit_to_Brisbane|0.000000),0.000000,1.923630,0.000000,1.923630,0.069841,0.828388,0.611462,0.413939,71.262517,37.045853
90,23.186105,25.177674,Wyreema_entry,90,(exit_to_Brisbane|0.000000),0.000000,1.991569,0.000000,1.991569,0.156413,0.819491,0.606175,0.409490,70.680201,35.489706
88,22.772703,25.600548,Gowrie_entry,88,(exit_to_Brisbane|0.000000),0.000000,2.827845,0.000000,2.827845,0.801429,0.975303,0.563716,0.487396,72.831996,25.755303
86,22.705763,25.749161,entry_from_Brisbane,86,(Gowrie_exit|0.000000),0.000000,3.043398,0.000000,3.043398,1.179984,0.914694,0.491374,0.457347,65.886102,21.648859
91,23.361414,26.037384,Gowrie_entry,91,(exit_to_Brisbane|0.000000),0.000000,2.675971,0.000000,2.675971,0.530093,1.092653,0.507154,0.546071,71.391996,26.678916
93,23.809689,26.462612,Gowrie_entry,93,(exit_to_Brisbane|0.000000),0.000000,2.652923,0.000000,2.652923,0.591368,1.067840,0.460049,0.533665,71.377155,26.905102
89,23.063312,26.498478,entry_from_Brisbane,89,(Gowrie_exit|0.000000),0.000000,3.435166,0.000000,3.435166,1.495182,1.037442,0.383820,0.518721,65.906623,19.185862
92,23.686192,26.651807,entry_from_Brisbane,92,(Wyreema_exit|0.000000),0.000000,2.965615,0.000000,2.965615,1.313469,0.712782,0.582973,0.356391,65.186971,21.980927
94,24.017154,26.823483,Gowrie_entry,94,(exit_to_Brisbane|0.000000),0.000000,2.806329,0.000000,2.806329,0.768650,1.037246,0.482065,0.518368,71.327155,25.416532
95,24.577770,27.032781,entry_from_Brisbane,95,(Gowrie_exit|0.000000),0.000000,2.455011,0.000000,2.455011,0.736300,0.768754,0.565579,0.384377,65.871260,26.831351
97,25.031898,27.184354,Wyreema_entry,97,(exit_to_Brisbane|0.000000),0.000000,2.152456,0.000000,2.152456,0.258853,0.905822,0.534870,0.452911,70.780201,32.883462
101,25.849996,27.194946,Gowrie_entry,101,(Wyreema_exit|0.000000),0.000000,1.344950,0.000000,1.344950,0.254870,0.637496,0.133837,0.318748,45.691712,33.972805
96,24.912074,27.534458,entry_from_Brisbane,96,(Gowrie_exit|0.000000),0.000000,2.622383,0.000000,2.622383,0.732718,1.029979,0.344697,0.514989,65.971260,25.156985
98,25.097470,27.573415,Gowrie_entry,98,(exit_to_Brisbane|0.000000),0.000000,2.475944,0.000000,2.475944,0.515940,0.939364,0.550958,0.469682,72.802517,29.403939
100,25.827008,28.004762,Wyreema_entry,100,(exit_to_Brisbane|0.000000),0.000000,2.177754,0.000000,2.177754,0.323882,0.789168,0.670375,0.394329,70.765564,32.494748
99,25.538263,28.021739,entry_from_Brisbane,99,(Wyreema_exit|0.000000),0.000000,2.483477,0.000000,2.483477,0.699572,0.848071,0.511798,0.424035,65.331292,26.306382
103,26.218687,28.436110,Wyreema_entry,103,(exit_to_Brisbane|0.000000),0.000000,2.217422,0.000000,2.217422,0.298055,0.907508,0.558360,0.453499,70.765564,31.913434
104,26.309890,28.959265,Wyreema_entry,104,(exit_to_Brisbane|0.000000),0.000000,2.649375,0.000000,2.649375,0.762477,0.887616,0.555473,0.443808,70.715564,26.691414
106,26.905517,29.382148,Gowrie_entry,106,(exit_to_Brisbane|0.000000),0.000000,2.476631,0.000000,2.476631,0.399746,1.058826,0.488646,0.529413,72.802517,29.395786
107,27.108959,29.733030,Wyreema_entry,107,(exit_to_Brisbane|0.000000),0.000000,2.624071,0.000000,2.624071,0.685212,0.984450,0.462184,0.492225,70.715564,26.948798
116,28.442048,29.984419,Wyreema_entry,116,(Gowrie_exit|0.000000),0.000000,1.542371,0.000000,1.542371,0.632823,0.444444,0.242882,0.222222,45.691712,29.624326
108,27.171941,30.093902,Gowrie_entry,108,(exit_to_Brisbane|0.000000),0.000000,2.921961,0.000000,2.921961,0.643770,1.236407,0.423580,0.618204,72.852517,24.932751
102,26.132304,30.177341,entry_from_Brisbane,102,(Gowrie_exit|0.000000),0.000000,4.045037,0.000000,4.045037,2.287223,0.777778,0.591147,0.388889,65.921260,16.296826
112,27.889212,30.454773,Wyreema_entry,112,(exit_to_Brisbane|0.000000),0.000000,2.565561,0.000000,2.565561,0.469025,1.104752,0.439408,0.552376,70.865564,27.621864
105,26.466608,30.696546,entry_from_Brisbane,105,(Wyreema_exit|0.000000),0.000000,4.229938,0.000000,4.229938,2.424656,0.833333,0.555282,0.416667,65.316450,15.441467
110,27.499236,30.815644,Gowrie_entry,110,(exit_to_Brisbane|0.000000),0.000000,3.316408,0.000000,3.316408,0.941548,1.320948,0.393438,0.660474,73.002517,22.012525
111,27.791626,31.204705,Gowrie_entry,111,(exit_to_Brisbane|0.000000),0.000000,3.413079,0.000000,3.413079,1.189594,1.225711,0.384919,0.612856,71.462517,20.937844
114,28.056148,31.641541,Gowrie_entry,114,(exit_to_Brisbane|0.000000),0.000000,3.585394,0.000000,3.585394,1.425495,1.176926,0.394510,0.588463,71.462517,19.931569
119,28.803713,31.992423,Wyreema_entry,119,(exit_to_Brisbane|0.000000),0.000000,3.188710,0.000000,3.188710,0.988463,1.177305,0.434545,0.588397,70.865564,22.223898
125,29.867974,32.313893,Wyreema_entry,125,(Gowrie_exit|0.000000),0.000000,2.445919,0.000000,2.445919,1.236277,0.734297,0.108196,0.367149,45.791712,18.721678
121,29.133277,32.353295,Wyreema_entry,121,(exit_to_Brisbane|0.000000),0.000000,3.220017,0.000000,3.220017,0.929804,1.287232,0.359621,0.643361,70.815564,21.992294
109,27.295470,32.506814,entry_from_Brisbane,109,(Gowrie_exit|0.000000),0.000000,5.211344,0.000000,5.211344,3.517828,0.722222,0.610183,0.361111,65.871260,12.639975
117,28.536598,32.714166,Gowrie_entry,117,(exit_to_Brisbane|0.000000),0.000000,4.177568,0.000000,4.177568,1.904272,1.294196,0.332257,0.646843,72.902517,17.450949
129,30.950291,32.744675,Wyreema_entry,129,(Gowrie_exit|0.000000),0.000000,1.794385,0.000000,1.794385,0.777070,0.558302,0.179861,0.279151,45.691712,25.463722
113,28.021349,32.956017,entry_from_Brisbane,113,(Gowrie_exit|0.000000),0.000000,4.934668,0.000000,4.934668,3.201360,0.777778,0.566641,0.388889,65.921260,13.358804
124,29.540992,33.075037,Wyreema_entry,124,(exit_to_Brisbane|0.000000),0.000000,3.534045,0.000000,3.534045,1.196647,1.294514,0.395882,0.647002,70.915564,20.066402
122,29.268463,33.469587,Gowrie_entry,122,(exit_to_Brisbane|0.000000),0.000000,4.201124,0.000000,4.201124,1.961385,1.208278,0.427577,0.603884,72.902517,17.353099
126,30.247854,33.489212,Gowrie_entry,126,(Wyreema_exit|0.000000),0.000000,3.241358,0.000000,3.241358,1.995927,0.772799,0.086232,0.386399,45.791712,14.127325
115,28.339402,33.727737,entry_from_Brisbane,115,(Wyreema_exit|0.000000),0.000000,5.388335,0.000000,5.388335,3.376700,1.078518,0.393858,0.539259,65.366450,12.131103
123,29.540411,33.906423,Gowrie_entry,123,(exit_to_Brisbane|0.000000),0.000000,4.366012,0.000000,4.366012,2.191812,1.161689,0.431922,0.580589,71.462517,16.367916
118,28.696951,34.187579,entry_from_Brisbane,118,(Gowrie_exit|0.000000),0.000000,5.490628,0.000000,5.490628,3.703787,0.833333,0.536841,0.416667,65.921260,12.006142
132,31.869681,34.227699,Gowrie_entry,132,(Wyreema_exit|0.000000),0.000000,2.358018,0.000000,2.358018,1.226212,0.689599,0.097407,0.344800,45.741712,19.398374
127,30.596149,34.327651,Wyreema_entry,127,(exit_to_Brisbane|0.000000),0.000000,3.731503,0.000000,3.731503,1.507458,1.190980,0.437830,0.595235,70.900722,19.000583
133,32.691923,34.688522,Wyreema_entry,133,(exit_to_Brisbane|0.000000),0.000000,1.996599,0.000000,1.996599,0.211665,0.735157,0.682199,0.367578,70.650722,35.385533
120,29.100459,34.770838,entry_from_Brisbane,120,(Wyreema_exit|0.000000),0.000000,5.670379,0.000000,5.670379,3.582688,1.166667,0.337691,0.583333,65.466450,11.545339
130,31.221069,35.077583,Gowrie_entry,130,(exit_to_Brisbane|0.000000),0.000000,3.856513,0.000000,3.856513,1.765652,1.025181,0.553090,0.512590,72.802517,18.877807
138,33.480986,35.192318,Wyreema_entry,138,(Gowrie_exit|0.000000),0.000000,1.711332,0.000000,1.711332,0.639145,0.632120,0.124007,0.316060,45.741712,26.728719
128,30.926760,35.385240,entry_from_Brisbane,128,(Gowrie_exit|0.000000),0.000000,4.458480,0.000000,4.458480,2.593151,0.955042,0.432765,0.477521,65.971260,14.796806
137,33.389784,35.514420,Wyreema_entry,137,(exit_to_Brisbane|0.000000),0.000000,2.124635,0.000000,2.124635,0.328977,0.813999,0.574659,0.407000,70.665564,33.260090
131,31.358108,35.595208,entry_from_Brisbane,131,(Gowrie_exit|0.000000),0.000000,4.237100,0.000000,4.237100,2.422071,0.888889,0.481696,0.444444,65.971260,15.569908
135,33.186153,35.839906,entry_from_Brisbane,135,(Gowrie_exit|0.000000),0.000000,2.653753,0.000000,2.653753,0.959901,0.745066,0.576254,0.372533,65.856623,24.816411
134,33.026531,35.865302,Gowrie_entry,134,(exit_to_Brisbane|0.000000),0.000000,2.838771,0.000000,2.838771,0.706889,1.061819,0.539154,0.530909,72.802517,25.645788
139,33.622990,36.190230,entry_from_Brisbane,139,(Wyreema_exit|0.000000),0.000000,2.567240,0.000000,2.567240,0.993124,0.555556,0.740783,0.277778,65.186971,25.391845
136,33.297430,36.226173,Gowrie_entry,136,(exit_to_Brisbane|0.000000),0.000000,2.928742,0.000000,2.928742,0.833231,1.050577,0.519646,0.525288,71.412517,24.383339
140,33.696943,36.446772,Gowrie_entry,140,(Wyreema_exit|0.000000),0.000000,2.749829,0.000000,2.749829,1.449838,0.831755,0.090544,0.377691,45.791712,16.652567
147,36.181319,37.318031,Gowrie_entry,147,(Wyreema_exit|0.000000),0.000000,1.136712,0.000000,1.136712,0.185612,0.482709,0.227037,0.241354,45.691712,40.196384
142,34.258092,37.613868,Gowrie_entry,142,(exit_to_Brisbane|0.000000),0.000000,3.355775,0.000000,3.355775,1.325290,1.018467,0.502784,0.509234,71.377155,21.269946
151,36.686875,37.887221,Gowrie_entry,151,(Wyreema_exit|0.000000),0.000000,1.200346,0.000000,1.200346,0.192309,0.578433,0.140388,0.289216,45.641712,38.023798
141,34.059826,37.932865,entry_from_Brisbane,141,(Gowrie_exit|0.000000),0.000000,3.873039,0.000000,3.873039,2.213284,0.666667,0.659755,0.333333,65.841781,17.000031
143,34.748107,37.974739,Gowrie_entry,143,(exit_to_Brisbane|0.000000),0.000000,3.226632,0.000000,3.226632,1.243787,1.021556,0.450511,0.510778,71.327155,22.105762
146,35.910419,38.335610,Gowrie_entry,146,(exit_to_Brisbane|0.000000),0.000000,2.425191,0.000000,2.425191,0.320675,1.132724,0.405429,0.566362,71.327155,29.410949
156,37.223164,38.601460,Gowrie_entry,156,(Wyreema_exit|0.000000),0.000000,1.378297,0.000000,1.378297,0.338658,0.555095,0.206996,0.277548,45.691712,33.150855
149,36.434097,38.742615,Gowrie_entry,149,(exit_to_Brisbane|0.000000),0.000000,2.308518,0.000000,2.308518,0.485728,0.843761,0.557149,0.421880,71.227155,30.854062
144,34.799638,38.764208,entry_from_Brisbane,144,(Gowrie_exit|0.000000),0.000000,3.964570,0.000000,3.964570,2.304815,0.666667,0.659755,0.333333,65.841781,16.607546
152,36.849342,39.103486,Wyreema_entry,152,(exit_to_Brisbane|0.000000),0.000000,2.254144,0.000000,2.254144,0.300514,0.891015,0.617108,0.445507,70.700722,31.364771
145,35.230986,39.238008,entry_from_Brisbane,145,(Wyreema_exit|0.000000),0.000000,4.007023,0.000000,4.007023,2.304945,0.722222,0.618744,0.361111,65.266450,16.288016
154,36.970386,39.464357,Gowrie_entry,154,(exit_to_Brisbane|0.000000),0.000000,2.493972,0.000000,2.493972,0.572243,0.922251,0.538352,0.461126,71.347676,28.608054
161,38.441337,39.793818,Wyreema_entry,161,(Gowrie_exit|0.000000),0.000000,1.352481,0.000000,1.352481,0.359991,0.516866,0.217192,0.258433,45.691712,33.783619
153,36.940544,39.853418,Wyreema_entry,153,(exit_to_Brisbane|0.000000),0.000000,2.912874,0.000000,2.912874,0.957290,0.991967,0.467633,0.495984,70.765564,24.294070
148,36.321037,39.986739,entry_from_Brisbane,148,(Gowrie_exit|0.000000),0.000000,3.665702,0.000000,3.665702,2.025095,0.666667,0.640608,0.333333,65.841781,17.961574
